,Subject_0,Subject_1,Subject_2,Subject_3,Subject_4,Subject_5,Subject_6,Subject_7,Subject_8,Subject_9,Subject_10,Subject_11,Subject_12,Subject_13,Subject_14,Subject_15,Subject_16,Subject_17,Subject_18,Subject_19,Subject_20,Subject_21,Subject_22
1728509,0.20960694551467896,0.17395098507404327,0.288460373878479,0.24812990427017212,0.3142729103565216,0.27291154861450195,0.27606576681137085,0.282279908657074,0.24475179612636566,0.21398785710334778,0.28874367475509644,0.3197254538536072,0.23393625020980835,0.2547667622566223,0.36437681317329407,0.2564323842525482,0.28059759736061096,0.26002487540245056,0.3129011392593384,0.28132688999176025,0.29649806022644043,0.257090300321579,0.3115083575248718
1728690,0.17315874993801117,0.2050916850566864,0.3114539086818695,0.2877182364463806,0.2997465133666992,0.27736997604370117,0.19805441796779633,0.2907146215438843,0.31699976325035095,0.2018735110759735,0.2664576768875122,0.28771382570266724,0.2172326147556305,0.32891353964805603,0.3130068778991699,0.27780330181121826,0.2990608513355255,0.22828352451324463,0.2583257555961609,0.2677489221096039,0.2696061134338379,0.2637803852558136,0.3538159132003784
1728691,0.18800190091133118,0.19910825788974762,0.29781630635261536,0.25251251459121704,0.29572784900665283,0.2814617156982422,0.2382580190896988,0.2905823588371277,0.275130033493042,0.21576589345932007,0.2677229642868042,0.31003621220588684,0.2419593632221222,0.23426485061645508,0.36036932468414307,0.28092920780181885,0.3013593852519989,0.2402297556400299,0.3242741525173187,0.3024914264678955,0.3066827654838562,0.2587175667285919,0.30638009309768677
1728872,0.17672540247440338,0.26447439193725586,0.27374202013015747,0.28627634048461914,0.2867259383201599,0.28728950023651123,0.19028602540493011,0.3059293329715729,0.3637717664241791,0.2150249481201172,0.2508068084716797,0.28297311067581177,0.21869032084941864,0.3923969268798828,0.30021846294403076,0.3064461946487427,0.30675050616264343,0.1976439356803894,0.2884675860404968,0.27508705854415894,0.2901478409767151,0.28496527671813965,0.35355040431022644
1768366,0.17178727686405182,0.22117066383361816,0.28120794892311096,0.27538153529167175,0.3107798099517822,0.301973819732666,0.2228604555130005,0.2769778370857239,0.2976927161216736,0.2344876080751419,0.3258178234100342,0.26658445596694946,0.24638861417770386,0.3194659352302551,0.3192223310470581,0.2692737281322479,0.30515456199645996,0.2488091140985489,0.2706889510154724,0.2836851477622986,0.2703598141670227,0.2329673320055008,0.315116822719574
2036670,0.4103398025035858,0.4026283323764801,0.39086538553237915,0.3990190625190735,0.45253849029541016,0.3629770278930664,0.43385761976242065,0.39269259572029114,0.438693106174469,0.4290867745876312,0.3648523688316345,0.3649393916130066,0.44717103242874146,0.43153607845306396,0.4312272071838379,0.3730390965938568,0.46163660287857056,0.3934077322483063,0.4605129659175873,0.35695523023605347,0.46396106481552124,0.3509295880794525,0.4685066342353821
2192080,0.43706077337265015,0.319596529006958,0.3278660178184509,0.4264478385448456,0.46390193700790405,0.42106422781944275,0.34088921546936035,0.38962727785110474,0.380705863237381,0.3654153347015381,0.413216233253479,0.47766855359077454,0.40076619386672974,0.32331356406211853,0.5705968737602234,0.46685609221458435,0.40155595541000366,0.34599536657333374,0.46305596828460693,0.474273681640625,0.44645601511001587,0.46948909759521484,0.4556845426559448
2311113,0.4391656816005707,0.4019376337528229,0.49797582626342773,0.447165310382843,0.4369637370109558,0.46780678629875183,0.33330237865448,0.39390408992767334,0.41684526205062866,0.4337836503982544,0.4189874231815338,0.546373724937439,0.4212300777435303,0.35056206583976746,0.4457099139690399,0.511788547039032,0.44890666007995605,0.5025983452796936,0.5089294910430908,0.44435587525367737,0.4252125918865204,0.5297238826751709,0.5068740844726562
2350973,0.4793776571750641,0.47969475388526917,0.49797582626342773,0.54493248462677,0.45794010162353516,0.5554201602935791,0.3895900249481201,0.5141734480857849,0.44054514169692993,0.546522319316864,0.36295679211616516,0.6069039106369019,0.5484438538551331,0.48004087805747986,0.5541573166847229,0.6714467406272888,0.4622047543525696,0.4811384975910187,0.49035999178886414,0.48587554693222046,0.47639593482017517,0.5753303170204163,0.578864574432373
2350975,0.49563366174697876,0.5087054967880249,0.5134296417236328,0.5418994426727295,0.48558464646339417,0.5723881125450134,0.3999423384666443,0.534037172794342,0.5364164113998413,0.5321316123008728,0.35551217198371887,0.5914328694343567,0.5016366243362427,0.47637420892715454,0.5640242695808411,0.6822995543479919,0.4770424962043762,0.4903874397277832,0.5224194526672363,0.4693997800350189,0.4951535165309906,0.586808979511261,0.5886098742485046
2351156,0.4930318295955658,0.5141238570213318,0.5257086157798767,0.5297839641571045,0.5666307806968689,0.5579026341438293,0.3945002853870392,0.523851752281189,0.4579993784427643,0.5386893153190613,0.34814226627349854,0.5877330899238586,0.5418422818183899,0.6339709758758545,0.5550424456596375,0.7062628269195557,0.4870625138282776,0.5352622270584106,0.4918042719364166,0.4448431730270386,0.5071947574615479,0.5828942656517029,0.575829803943634
2351157,0.49293988943099976,0.5141238570213318,0.5128232836723328,0.5411111116409302,0.4833555817604065,0.570634663105011,0.3945002853870392,0.523851752281189,0.5273531675338745,0.5319287776947021,0.36994436383247375,0.5914853811264038,0.5271170735359192,0.4963291883468628,0.5742941498756409,0.7161497473716736,0.4870625138282776,0.5116305947303772,0.5256450176239014,0.4387547969818115,0.5071947574615479,0.6015540361404419,0.5756885409355164
2351158,0.4840896427631378,0.5412057638168335,0.5116590857505798,0.5504465103149414,0.5306522846221924,0.577772319316864,0.41813555359840393,0.550138533115387,0.49876245856285095,0.5240690112113953,0.3968783915042877,0.6038534045219421,0.5255534052848816,0.5128870606422424,0.588150680065155,0.723324179649353,0.4984869062900543,0.49926719069480896,0.49632757902145386,0.47040891647338867,0.5255928039550781,0.6106287240982056,0.5809255838394165
2351339,0.4890241026878357,0.50992751121521,0.5084190368652344,0.5377408266067505,0.5362003445625305,0.5911850333213806,0.3892919421195984,0.5076277852058411,0.5201259255409241,0.5238692760467529,0.4024154841899872,0.5988555550575256,0.5518432855606079,0.49979034066200256,0.5710640549659729,0.7375890016555786,0.4856506288051605,0.48262229561805725,0.5182652473449707,0.43676498532295227,0.5130964517593384,0.604665219783783,0.5586434602737427
2360291,0.44900164008140564,0.3976909816265106,0.4458184242248535,0.48256775736808777,0.3637951910495758,0.35358867049217224,0.4620057940483093,0.4131101071834564,0.4840863049030304,0.4298188388347626,0.46259695291519165,0.5043907165527344,0.4494340419769287,0.3318168520927429,0.39111337065696716,0.4957858920097351,0.48338037729263306,0.4753788411617279,0.46608009934425354,0.32658374309539795,0.49918028712272644,0.35493791103363037,0.3555839955806732
2390286,0.5238599181175232,0.49934205412864685,0.45367053151130676,0.5591131448745728,0.5581948757171631,0.5717508792877197,0.4656429588794708,0.557860791683197,0.4904387891292572,0.5297489762306213,0.406281441450119,0.5841793417930603,0.5132842659950256,0.4729374945163727,0.5813812017440796,0.6790936589241028,0.5152342319488525,0.4698525071144104,0.486383855342865,0.5021877884864807,0.5086935758590698,0.5537443161010742,0.6117839217185974
2390287,0.5076682567596436,0.5254673957824707,0.4574074149131775,0.5459855198860168,0.5345543622970581,0.587489664554596,0.4877837896347046,0.5817792415618896,0.5371853709220886,0.5176684856414795,0.40383946895599365,0.576982855796814,0.5084829926490784,0.48403000831604004,0.5760810375213623,0.6812644600868225,0.526777982711792,0.5002539753913879,0.46455058455467224,0.5163688063621521,0.5119809508323669,0.5544503927230835,0.6291407346725464
2390467,0.4961990416049957,0.4803340435028076,0.48972374200820923,0.5702502131462097,0.5824469923973083,0.5371628999710083,0.40559807419776917,0.5508688688278198,0.43767428398132324,0.557500958442688,0.37794992327690125,0.5793759822845459,0.523987352848053,0.4907505512237549,0.5761070251464844,0.6878829002380371,0.5001513957977295,0.5046741366386414,0.48969942331314087,0.5359934568405151,0.47960758209228516,0.5711045265197754,0.6094051003456116
2390468,0.5020034909248352,0.5016735792160034,0.48629844188690186,0.5547908544540405,0.5682612657546997,0.5578593015670776,0.44891202449798584,0.5539476275444031,0.4693029224872589,0.5188242793083191,0.3760971128940582,0.5672884583473206,0.5170695781707764,0.49535036087036133,0.5677589774131775,0.6874391436576843,0.5001257061958313,0.5008741021156311,0.46214771270751953,0.5083898901939392,0.5220126509666443,0.5662775039672852,0.6105012893676758
2390469,0.5039774775505066,0.5252545475959778,0.47951972484588623,0.539872407913208,0.5167468786239624,0.5733444690704346,0.47449761629104614,0.5639907121658325,0.5280368328094482,0.49082911014556885,0.3885776996612549,0.567857563495636,0.5148823261260986,0.4999064803123474,0.5773054957389832,0.6932968497276306,0.5071573853492737,0.5102402567863464,0.4430329203605652,0.49818742275238037,0.5390790700912476,0.5745660066604614,0.6224044561386108
2390470,0.49548813700675964,0.5396653413772583,0.4774600565433502,0.5345224738121033,0.46007972955703735,0.5763795971870422,0.42669013142585754,0.5789740681648254,0.5414023995399475,0.4956940710544586,0.3943173885345459,0.5777178406715393,0.5169439315795898,0.5170774459838867,0.5917956233024597,0.7092860341072083,0.5036641955375671,0.4958253502845764,0.4847206771373749,0.502963662147522,0.5390790700912476,0.600155234336853,0.6391739249229431
2390471,0.4770093560218811,0.5605853796005249,0.47858354449272156,0.5355518460273743,0.48740851879119873,0.5818691253662109,0.44605252146720886,0.5987198352813721,0.5211177468299866,0.4909583032131195,0.39596861600875854,0.5793426632881165,0.5377904176712036,0.5305936336517334,0.6105510592460632,0.7164338231086731,0.5289769172668457,0.4934414029121399,0.4701937437057495,0.5385231375694275,0.528550386428833,0.6147063374519348,0.6589499711990356
2390649,0.49254128336906433,0.4798068404197693,0.5013133883476257,0.5368871688842773,0.5870280861854553,0.5542749762535095,0.3842255771160126,0.5331555604934692,0.43500229716300964,0.5549334287643433,0.36789384484291077,0.5957293510437012,0.5256483554840088,0.5027884840965271,0.5455520749092102,0.6706745624542236,0.47545257210731506,0.5211313366889954,0.4701208174228668,0.5165236592292786,0.4813900887966156,0.5599786639213562,0.6024208068847656
2390650,0.5033519864082336,0.49851131439208984,0.5091786980628967,0.5351260900497437,0.5845255851745605,0.569669246673584,0.3932807147502899,0.5441111326217651,0.46904733777046204,0.5271678566932678,0.357877254486084,0.5863825678825378,0.5040983557701111,0.5006200671195984,0.5477793216705322,0.6754412651062012,0.4791199564933777,0.5230124592781067,0.4623783826828003,0.490678608417511,0.5193905830383301,0.5665754079818726,0.5958718061447144
2390651,0.4900681674480438,0.5254131555557251,0.4965192675590515,0.5246753096580505,0.47125038504600525,0.5823694467544556,0.4152858555316925,0.5610989332199097,0.5288419127464294,0.5045831203460693,0.3694052994251251,0.5649214386940002,0.5092864632606506,0.504914402961731,0.5737482905387878,0.6935023665428162,0.4895058870315552,0.5244696736335754,0.4793887436389923,0.4918483793735504,0.5193905830383301,0.5911131501197815,0.6050328612327576
2390652,0.4884546399116516,0.5517772436141968,0.4678274095058441,0.5361466407775879,0.49417775869369507,0.592125415802002,0.4420264661312103,0.5804640054702759,0.5219244956970215,0.4839564561843872,0.3914465010166168,0.5689051151275635,0.5243731141090393,0.5236424207687378,0.5980445742607117,0.7223728895187378,0.5036957859992981,0.5017827749252319,0.44465333223342896,0.5100880861282349,0.5436113476753235,0.6182500720024109,0.6206619143486023
2390653,0.4879102110862732,0.5760961771011353,0.47257980704307556,0.5384054183959961,0.513500988483429,0.6030997037887573,0.4503193795681,0.5999788045883179,0.5192105174064636,0.46757638454437256,0.42426690459251404,0.5887778997421265,0.5504435300827026,0.5381214618682861,0.6113395094871521,0.7356466054916382,0.5194748044013977,0.5310779213905334,0.47958654165267944,0.5172312259674072,0.5442425012588501,0.6369132995605469,0.6398909687995911
2390833,0.48356640338897705,0.5342036485671997,0.5068345069885254,0.5489838719367981,0.5130314230918884,0.5839357376098633,0.42277976870536804,0.5557161569595337,0.5134046077728271,0.5175814628601074,0.36161521077156067,0.5876613855361938,0.5132880210876465,0.4972440004348755,0.5696585178375244,0.6915817260742188,0.4897756278514862,0.4708506762981415,0.46268919110298157,0.48240649700164795,0.5121216773986816,0.5965967178344727,0.5975210070610046
2390834,0.48599278926849365,0.5610391497612,0.49058622121810913,0.5456897020339966,0.5325870513916016,0.5970810055732727,0.4403449594974518,0.5783399939537048,0.5087947249412537,0.49786460399627686,0.39897406101226807,0.5790966749191284,0.5402451753616333,0.5260788798332214,0.5983149409294128,0.7235018014907837,0.5041688084602356,0.5282964110374451,0.44753268361091614,0.5035989880561829,0.5407727360725403,0.6197524666786194,0.6014474630355835
2390835,0.49588438868522644,0.5853168368339539,0.4609643220901489,0.5341395735740662,0.5471588373184204,0.5974977016448975,0.45090988278388977,0.5959542989730835,0.5170838236808777,0.48184993863105774,0.4655075967311859,0.5973911285400391,0.574629008769989,0.544408917427063,0.6217411756515503,0.7476721405982971,0.5280911922454834,0.567385733127594,0.4793947637081146,0.5208587646484375,0.5508478879928589,0.6371161341667175,0.6270961761474609
2391016,0.4891970455646515,0.5700100064277649,0.505000114440918,0.5525721311569214,0.5535897612571716,0.5930588841438293,0.43631836771965027,0.5774766802787781,0.49283987283706665,0.5076066255569458,0.43377843499183655,0.6063849329948425,0.5593109130859375,0.5200735330581665,0.593506395816803,0.7206229567527771,0.5154153108596802,0.5275447964668274,0.452690064907074,0.5006246566772461,0.5396919250488281,0.6117143630981445,0.5883700847625732
2408331,0.31814709305763245,0.24914704263210297,0.34357795119285583,0.3494075834751129,0.24738621711730957,0.40941712260246277,0.2698400020599365,0.32974565029144287,0.3775838017463684,0.5199750661849976,0.2687362730503082,0.340492308139801,0.39970001578330994,0.2600933909416199,0.145228311419487,0.36268413066864014,0.34604910016059875,0.4198031723499298,0.44772660732269287,0.3284423053264618,0.38014960289001465,0.3411211669445038,0.3569676876068115
2430148,0.48892471194267273,0.5773472785949707,0.454826682806015,0.5467708110809326,0.4720003306865692,0.5954160690307617,0.4878099262714386,0.6463852524757385,0.582343578338623,0.5071266293525696,0.45287156105041504,0.5843087434768677,0.5595674514770508,0.5737462043762207,0.647923469543457,0.7249068021774292,0.5577089190483093,0.5500798225402832,0.5156232714653015,0.5373746156692505,0.47768741846084595,0.6645920872688293,0.6861824989318848
2430329,0.48166486620903015,0.5839313864707947,0.4661255478858948,0.5427253246307373,0.506942868232727,0.6023785471916199,0.470562219619751,0.62257319688797,0.5382423996925354,0.48639625310897827,0.44195300340652466,0.5701531171798706,0.5742981433868408,0.5393572449684143,0.6377624869346619,0.7149765491485596,0.5505756735801697,0.531823456287384,0.49588289856910706,0.5525503754615784,0.501675009727478,0.6569948792457581,0.6702564358711243
2430330,0.5113968253135681,0.5987065434455872,0.4689345359802246,0.5390597581863403,0.5090998411178589,0.599745512008667,0.49221548438072205,0.6409388184547424,0.5921255350112915,0.4844646155834198,0.4951920509338379,0.5997353196144104,0.6006330251693726,0.5763781070709229,0.6612985134124756,0.7288586497306824,0.5739858150482178,0.5819777250289917,0.508989691734314,0.5455708503723145,0.4956815242767334,0.687859296798706,0.6844815611839294
2443769,0.1828629970550537,0.15786457061767578,0.11759275943040848,0.24560904502868652,0.2002028226852417,0.2132059633731842,0.21487534046173096,0.21944385766983032,0.2268802970647812,0.18380534648895264,0.21161028742790222,0.2237691432237625,0.22269794344902039,0.22444064915180206,0.21824347972869873,0.21486420929431915,0.15615200996398926,0.18734559416770935,0.23283959925174713,0.18977557122707367,0.1709914654493332,0.1527179628610611,0.2093067765235901
2518629,0.33825522661209106,0.40056905150413513,0.5599082708358765,0.48283204436302185,0.428373247385025,0.34674742817878723,0.4713912308216095,0.4765157699584961,0.4228399991989136,0.44169607758522034,0.43755263090133667,0.5128819346427917,0.38856709003448486,0.3516523241996765,0.3912741243839264,0.4366292953491211,0.46426722407341003,0.3880488872528076,0.4952870011329651,0.3183189034461975,0.495048463344574,0.3613874912261963,0.3964717388153076
3113027,0.7607888579368591,0.7459774613380432,0.6288675665855408,0.7826507687568665,0.7628515362739563,0.844640851020813,0.6768668293952942,0.7245733141899109,0.7213991284370422,0.6787899136543274,0.7711000442504883,0.7720893621444702,0.7208571434020996,0.7275922298431396,0.7845532894134521,0.7720832824707031,0.7972230315208435,0.827562689781189,0.7477325201034546,0.6399590969085693,0.7079152464866638,0.7525404095649719,0.7834724187850952
3113209,0.7414411306381226,0.7672658562660217,0.6057222485542297,0.7635580897331238,0.7554337978363037,0.8044633269309998,0.6480851173400879,0.7582321166992188,0.710837185382843,0.7073408961296082,0.7215707898139954,0.759507954120636,0.6947275996208191,0.71495121717453,0.7763592004776001,0.7385872006416321,0.7804278135299683,0.8022398948669434,0.7484481334686279,0.5876404643058777,0.686482310295105,0.7334325909614563,0.7857215404510498
3147638,0.27406805753707886,0.2862435281276703,0.21083474159240723,0.2670947313308716,0.35126811265945435,0.22050419449806213,0.24371890723705292,0.2807864546775818,0.16026832163333893,0.27722495794296265,0.22354674339294434,0.34163346886634827,0.2519926428794861,0.21953879296779633,0.3499008119106293,0.29558706283569336,0.30966517329216003,0.29430073499679565,0.2513027787208557,0.20331861078739166,0.28607162833213806,0.29258960485458374,0.2586902976036072
3153067,0.7539921998977661,0.7214998602867126,0.5768346190452576,0.7913580536842346,0.7602041959762573,0.8080688118934631,0.6410471200942993,0.7290133833885193,0.7230063676834106,0.695893406867981,0.7207553386688232,0.7709463238716125,0.7041870951652527,0.7412824630737305,0.8099102973937988,0.7424047589302063,0.8042399287223816,0.8046413064002991,0.7432597279548645,0.566173791885376,0.7088199853897095,0.7332974076271057,0.768705427646637
3192568,0.5396464467048645,0.49367040395736694,0.5856490731239319,0.6242295503616333,0.5588541030883789,0.5637186169624329,0.4939082860946655,0.6609339118003845,0.5476347208023071,0.5462480783462524,0.6494140028953552,0.5967225432395935,0.5829870104789734,0.4672066867351532,0.5734451413154602,0.6339316964149475,0.6192802786827087,0.6511980295181274,0.6479558944702148,0.5427855849266052,0.5934407711029053,0.6714058518409729,0.5467932820320129
3192750,0.5970272421836853,0.510917603969574,0.6155990958213806,0.6174541115760803,0.5431303381919861,0.5664183497428894,0.517707109451294,0.6683388948440552,0.5510512590408325,0.5506265759468079,0.6488494277000427,0.6015848517417908,0.5644322037696838,0.46669960021972656,0.5585918426513672,0.6051485538482666,0.6258384585380554,0.6533016562461853,0.6409471035003662,0.5198849439620972,0.5920889973640442,0.6766126751899719,0.5493173599243164
3192932,0.6089076995849609,0.5424652695655823,0.6627521514892578,0.590478241443634,0.5412572622299194,0.5592238903045654,0.5371725559234619,0.6501480937004089,0.5560668110847473,0.5418556928634644,0.6534890532493591,0.6103264689445496,0.5569700002670288,0.48222652077674866,0.5379268527030945,0.5747799873352051,0.6367692947387695,0.6466211676597595,0.6531201601028442,0.5308322906494141,0.586705207824707,0.652003288269043,0.5564113259315491
3193114,0.6009175181388855,0.5604937076568604,0.6862522959709167,0.6031847596168518,0.5564080476760864,0.5510326623916626,0.5708873271942139,0.6116528511047363,0.5669231414794922,0.5163800716400146,0.6728403568267822,0.615044355392456,0.557212233543396,0.5163480043411255,0.5218579769134521,0.5476633906364441,0.6412235498428345,0.6516176462173462,0.6636095643043518,0.5580731630325317,0.5864559412002563,0.6154539585113525,0.556361973285675
3232426,0.569892406463623,0.5435519814491272,0.6074711084365845,0.5954363942146301,0.545295774936676,0.5444054007530212,0.5381508469581604,0.6338635683059692,0.5820587873458862,0.543686032295227,0.658820390701294,0.556371808052063,0.5443893671035767,0.4579775929450989,0.5688666701316833,0.5952104330062866,0.6225867867469788,0.6348390579223633,0.6240320205688477,0.5239355564117432,0.5886365175247192,0.7061823010444641,0.5500491857528687
3232427,0.5655052065849304,0.5672298669815063,0.5759483575820923,0.5822945833206177,0.523733377456665,0.5373287796974182,0.5339471697807312,0.595713198184967,0.5994346737861633,0.5401642918586731,0.5999600887298584,0.5166711211204529,0.5469496846199036,0.42202526330947876,0.5786538124084473,0.5487825274467468,0.6208326816558838,0.6152709722518921,0.5987873077392578,0.5072010159492493,0.6122723817825317,0.6696097254753113,0.5243630409240723
3232608,0.6112022399902344,0.5733438730239868,0.6366561055183411,0.6075372099876404,0.5478544235229492,0.5532141327857971,0.567352831363678,0.6232775449752808,0.5827495455741882,0.5494812726974487,0.6569751501083374,0.5715473294258118,0.54759281873703,0.48481515049934387,0.5433217883110046,0.5605323314666748,0.6397625803947449,0.642528235912323,0.6332924962043762,0.5355626344680786,0.5925302505493164,0.6803844571113586,0.5445901155471802
3232609,0.589531421661377,0.5973978042602539,0.6298040747642517,0.6120878458023071,0.525521993637085,0.5494483113288879,0.5622065663337708,0.5822310447692871,0.5987471342086792,0.5242584943771362,0.6043325662612915,0.5369789004325867,0.5413222908973694,0.46628791093826294,0.551775336265564,0.5238116383552551,0.64771968126297,0.6205853223800659,0.6040438413619995,0.5368800759315491,0.6250220537185669,0.6457003355026245,0.524583637714386
3232790,0.6185102462768555,0.6004066467285156,0.6625039577484131,0.6249912977218628,0.5629480481147766,0.5595049858093262,0.5676428079605103,0.607406735420227,0.5806811451911926,0.5277501344680786,0.6622843146324158,0.5933262705802917,0.5660774111747742,0.5297078490257263,0.5245282053947449,0.5323977470397949,0.6500293612480164,0.6478205919265747,0.6552440524101257,0.5637510418891907,0.5987138152122498,0.6317206025123596,0.5456992387771606
3232791,0.6036121249198914,0.6144670844078064,0.6458525061607361,0.6349765658378601,0.5383201241493225,0.5510075092315674,0.5850619673728943,0.574847936630249,0.5923504829406738,0.5034716725349426,0.615191638469696,0.5667634010314941,0.5411776304244995,0.5198503732681274,0.5362696051597595,0.5144392251968384,0.6558406352996826,0.6229735612869263,0.6417548060417175,0.5720930099487305,0.6187586784362793,0.6133927702903748,0.5327161550521851
3944053,0.20638197660446167,0.24362599849700928,0.21616484224796295,0.24153923988342285,0.3115270137786865,0.2598291039466858,0.15577083826065063,0.27238431572914124,0.12246295809745789,0.20215894281864166,0.283375084400177,0.29906266927719116,0.26056337356567383,0.3435976505279541,0.298543781042099,0.2955006957054138,0.30686214566230774,0.1433979868888855,0.18667571246623993,0.21784678101539612,0.13626645505428314,0.3135341703891754,0.25763875246047974
3987576,0.3109651505947113,0.3854078948497772,0.20526961982250214,0.3488016724586487,0.4752291440963745,0.39791929721832275,0.2758796215057373,0.38732463121414185,0.48910999298095703,0.395969420671463,0.3020443916320801,0.5111531615257263,0.31482425332069397,0.48216626048088074,0.4951259195804596,0.33177611231803894,0.3092467486858368,0.3230758607387543,0.3593796193599701,0.3825743794441223,0.3541785478591919,0.29718270897865295,0.3377014100551605
3987758,0.27691081166267395,0.422439843416214,0.2524820864200592,0.3324742615222931,0.48986372351646423,0.3207382261753082,0.2685176730155945,0.3028066158294678,0.4397624731063843,0.348664790391922,0.309914231300354,0.5228906273841858,0.34298181533813477,0.4136752486228943,0.46137309074401855,0.3097239136695862,0.31142738461494446,0.4289010465145111,0.37754836678504944,0.36996498703956604,0.3847613036632538,0.31522390246391296,0.4017747938632965
4027069,0.3959832191467285,0.38555678725242615,0.2044820636510849,0.40892189741134644,0.4672550857067108,0.4132898449897766,0.30639901757240295,0.4396665096282959,0.527198076248169,0.5017790198326111,0.34368690848350525,0.5235859155654907,0.36087146401405334,0.5254625678062439,0.577964186668396,0.4149865508079529,0.3975599706172943,0.4151693284511566,0.3864682912826538,0.4003230035305023,0.4054817259311676,0.36918023228645325,0.49170589447021484
4027250,0.42669832706451416,0.41553762555122375,0.26575997471809387,0.39455482363700867,0.5368573069572449,0.3444683849811554,0.30492904782295227,0.36652058362960815,0.5265662670135498,0.44115471839904785,0.31461554765701294,0.5262495875358582,0.36255204677581787,0.530376672744751,0.570298969745636,0.42478424310684204,0.37007856369018555,0.4273609519004822,0.41592779755592346,0.442327618598938,0.4710994362831116,0.3985021412372589,0.4555494487285614
4027251,0.3929336667060852,0.40400230884552,0.2592725157737732,0.3961683213710785,0.5159962773323059,0.4028968811035156,0.28770631551742554,0.3807523548603058,0.5052618384361267,0.4307374358177185,0.3065323829650879,0.5391629934310913,0.37065693736076355,0.5263399481773376,0.5663676857948303,0.36659085750579834,0.40727126598358154,0.38846197724342346,0.39764273166656494,0.4415307641029358,0.4494993984699249,0.3837156891822815,0.3885427713394165
4027432,0.43596744537353516,0.4875442087650299,0.3102821111679077,0.39312779903411865,0.5442782640457153,0.3248056471347809,0.3325467109680176,0.2963498532772064,0.49171966314315796,0.4589686691761017,0.3134987950325012,0.5409023761749268,0.40668579936027527,0.5258666276931763,0.5226305723190308,0.3873388469219208,0.401080459356308,0.459616094827652,0.42815548181533813,0.415774941444397,0.4926443099975586,0.4311460554599762,0.4672888219356537
4027433,0.38365602493286133,0.4644613265991211,0.29598283767700195,0.38519415259361267,0.5283098220825195,0.3442964553833008,0.3161052167415619,0.30732643604278564,0.4712755084037781,0.42101359367370605,0.31187888979911804,0.5496219396591187,0.3915475904941559,0.48057281970977783,0.5296751260757446,0.3626682460308075,0.39458203315734863,0.45631566643714905,0.41665375232696533,0.443935364484787,0.46734145283699036,0.39866602420806885,0.43107300996780396
4063080,0.25206631422042847,0.357369065284729,0.3196525275707245,0.34473171830177307,0.387263685464859,0.2773275673389435,0.2413303405046463,0.3800646960735321,0.21634617447853088,0.2095506489276886,0.3936344385147095,0.33639273047447205,0.31287816166877747,0.3465392589569092,0.44311341643333435,0.37413668632507324,0.41518285870552063,0.12576070427894592,0.21164484322071075,0.33158209919929504,0.14679661393165588,0.3876132369041443,0.32264408469200134
4102574,0.2766669690608978,0.3343272805213928,0.35179609060287476,0.36797791719436646,0.3871774673461914,0.24344715476036072,0.202725350856781,0.40212881565093994,0.28615042567253113,0.24531741440296173,0.4399731159210205,0.3354021906852722,0.2945482134819031,0.3545757830142975,0.3897554874420166,0.3900356888771057,0.42994600534439087,0.1505807638168335,0.24391601979732513,0.36558112502098083,0.21036909520626068,0.42736560106277466,0.34646695852279663
4238314,0.3930933475494385,0.42554038763046265,0.3941848874092102,0.43079856038093567,0.5214875340461731,0.4326407313346863,0.39930179715156555,0.4231981039047241,0.3926970064640045,0.42061254382133484,0.4110090434551239,0.3657735586166382,0.442585825920105,0.44889429211616516,0.4488770365715027,0.5132551193237305,0.4675155580043793,0.46318838000297546,0.44385838508605957,0.4339480698108673,0.43786928057670593,0.3762326240539551,0.422303169965744
4238315,0.3685082793235779,0.42938777804374695,0.3835579454898834,0.3789190948009491,0.4445194900035858,0.4429802894592285,0.38109174370765686,0.40270736813545227,0.39515337347984314,0.4211631119251251,0.43395736813545227,0.3562643527984619,0.4158262312412262,0.4157387912273407,0.4137178361415863,0.5259528160095215,0.4770667850971222,0.4696967601776123,0.4428894519805908,0.40590301156044006,0.41057348251342773,0.38388288021087646,0.40243589878082275
4238496,0.3794952929019928,0.4276632070541382,0.3804744780063629,0.41016894578933716,0.48799726366996765,0.404483824968338,0.3795396387577057,0.4139161705970764,0.3956369459629059,0.4168243706226349,0.3994695544242859,0.3529547452926636,0.4146277606487274,0.4210435450077057,0.39936381578445435,0.4663449823856354,0.4627933204174042,0.423834890127182,0.40837931632995605,0.4177013039588928,0.4181172549724579,0.36037272214889526,0.4270251393318176
4238497,0.357527494430542,0.4211888909339905,0.3760163187980652,0.35755640268325806,0.42732834815979004,0.41980063915252686,0.35670387744903564,0.39073431491851807,0.3964351713657379,0.4255276620388031,0.40675088763237,0.35103195905685425,0.3959004282951355,0.397609680891037,0.38493669033050537,0.5247284173965454,0.4809178113937378,0.43395233154296875,0.4162238538265228,0.3963036835193634,0.3960949778556824,0.3581416606903076,0.4129306972026825
4252319,0.3167257010936737,0.37777605652809143,0.3815729320049286,0.344143271446228,0.3132849633693695,0.3239646852016449,0.36288121342658997,0.36695095896720886,0.2907590866088867,0.2999812364578247,0.4125003516674042,0.404803067445755,0.31722524762153625,0.34719428420066833,0.445493221282959,0.3849988877773285,0.36173197627067566,0.3133336007595062,0.5084246397018433,0.36683064699172974,0.2756657600402832,0.3147841989994049,0.34330615401268005
4253255,0.41258031129837036,0.32820072770118713,0.40831831097602844,0.4450070559978485,0.3816870450973511,0.33889228105545044,0.3474009335041046,0.38716888427734375,0.35282012820243835,0.16390086710453033,0.46830204129219055,0.5192366242408752,0.37138134241104126,0.3994138836860657,0.3348537087440491,0.4119515120983124,0.49220988154411316,0.48357295989990234,0.40169593691825867,0.3213542699813843,0.36532410979270935,0.37127169966697693,0.34774139523506165
4253256,0.4014975130558014,0.37968650460243225,0.37137994170188904,0.40847426652908325,0.31546103954315186,0.23257245123386383,0.35481223464012146,0.37165766954421997,0.36761555075645447,0.1521802395582199,0.47787654399871826,0.49304115772247314,0.37988096475601196,0.39413145184516907,0.32306498289108276,0.4629136621952057,0.5215404629707336,0.4539293348789215,0.39468273520469666,0.33812278509140015,0.33625584840774536,0.3675358295440674,0.35499513149261475
4253437,0.4180963337421417,0.3597800135612488,0.3760089576244354,0.45571136474609375,0.3990744352340698,0.39694976806640625,0.3506884276866913,0.40533313155174255,0.41424357891082764,0.2404431700706482,0.46016988158226013,0.5211520791053772,0.3972468078136444,0.3764711916446686,0.3442990481853485,0.4242061972618103,0.4620954394340515,0.5141977071762085,0.4145563542842865,0.3343208134174347,0.37388142943382263,0.41875001788139343,0.336689829826355
4277808,0.42668449878692627,0.42776238918304443,0.4887760579586029,0.5442684888839722,0.5487064123153687,0.4695972204208374,0.43588757514953613,0.44973841309547424,0.40345555543899536,0.4758383333683014,0.4617806375026703,0.41180363297462463,0.5177789926528931,0.5134235620498657,0.5229959487915039,0.4839409291744232,0.5409040451049805,0.5573546886444092,0.5213217735290527,0.38493096828460693,0.4817374348640442,0.4296756386756897,0.4503045678138733
4277809,0.42046022415161133,0.4474315047264099,0.4305705428123474,0.48652487993240356,0.521895170211792,0.4825964570045471,0.4171087145805359,0.4369470775127411,0.40345337986946106,0.45942988991737366,0.49666252732276917,0.38813427090644836,0.48737215995788574,0.4674384891986847,0.49665793776512146,0.47949981689453125,0.5303413271903992,0.5485780835151672,0.5324616432189941,0.37777653336524963,0.4651622772216797,0.43366581201553345,0.4307791292667389
4277810,0.4399566352367401,0.4700729250907898,0.4015858471393585,0.44544100761413574,0.49262794852256775,0.4828329384326935,0.4078116714954376,0.43662524223327637,0.4107368588447571,0.45821675658226013,0.5421414971351624,0.37613189220428467,0.45480161905288696,0.43228670954704285,0.4960426390171051,0.4632735550403595,0.5187128782272339,0.5322868824005127,0.5472790002822876,0.36792781949043274,0.44454193115234375,0.43783965706825256,0.3954427242279053
4277990,0.41246241331100464,0.43568941950798035,0.43230074644088745,0.4905683398246765,0.5344114303588867,0.44362905621528625,0.43207284808158875,0.4372754693031311,0.39714375138282776,0.449572890996933,0.42541375756263733,0.3824740946292877,0.48260167241096497,0.48300251364707947,0.47274670004844666,0.5012531876564026,0.4989962875843048,0.5028654932975769,0.48118850588798523,0.41361573338508606,0.46203309297561646,0.39837172627449036,0.432234525680542
4277991,0.37979745864868164,0.4400005340576172,0.4009968936443329,0.4201125502586365,0.4960557222366333,0.45787161588668823,0.41205528378486633,0.4255425035953522,0.3989039361476898,0.4415147006511688,0.4564531445503235,0.36544811725616455,0.456851601600647,0.4327854812145233,0.44079864025115967,0.5088121891021729,0.4920559227466583,0.505989134311676,0.4933153986930847,0.389546662569046,0.44064319133758545,0.40137016773223877,0.39943984150886536
4277992,0.40357667207717896,0.4541250765323639,0.3959822356700897,0.3759858012199402,0.4504610598087311,0.4605666995048523,0.40326836705207825,0.41746464371681213,0.4056452214717865,0.4493681490421295,0.49356335401535034,0.3674951493740082,0.4352683424949646,0.4024246335029602,0.4417216181755066,0.48834121227264404,0.49234503507614136,0.48717889189720154,0.49446314573287964,0.36956870555877686,0.4192756712436676,0.41529715061187744,0.3765084445476532
4292932,0.3969241678714752,0.37477055191993713,0.30603277683258057,0.3947741687297821,0.34666329622268677,0.25733137130737305,0.3701927661895752,0.41074320673942566,0.43075814843177795,0.22737939655780792,0.46192264556884766,0.49716320633888245,0.40775132179260254,0.36167943477630615,0.321949303150177,0.4726582467556,0.4749481678009033,0.5022874474525452,0.38367849588394165,0.3289984166622162,0.3520798683166504,0.41009363532066345,0.3329892158508301
4293113,0.41519665718078613,0.36983805894851685,0.36237794160842896,0.4637056887149811,0.3910609483718872,0.39956939220428467,0.31468409299850464,0.4254796802997589,0.46024778485298157,0.30672189593315125,0.41854625940322876,0.5198858380317688,0.42220449447631836,0.3631007671356201,0.3688938319683075,0.4035675525665283,0.430120050907135,0.5038938522338867,0.45682471990585327,0.3669293522834778,0.37609410285949707,0.4540715515613556,0.3213382661342621
4293114,0.39861202239990234,0.38053348660469055,0.30011096596717834,0.3949074149131775,0.3485128879547119,0.29610905051231384,0.3486744165420532,0.44687315821647644,0.43104711174964905,0.2959824502468109,0.4109992980957031,0.4979003667831421,0.4268331229686737,0.3382658362388611,0.354013592004776,0.44045937061309814,0.4423518180847168,0.4995151460170746,0.4338300824165344,0.34171056747436523,0.3589450418949127,0.43328994512557983,0.3379722833633423
4293115,0.4120219349861145,0.38816407322883606,0.2969776391983032,0.4096127152442932,0.32805636525154114,0.21331603825092316,0.34447991847991943,0.45775094628334045,0.40220725536346436,0.2841337323188782,0.42040908336639404,0.4324354827404022,0.44608011841773987,0.34301480650901794,0.415341854095459,0.4646853506565094,0.4752308428287506,0.4999338686466217,0.4584791660308838,0.30946817994117737,0.3513830304145813,0.3985334634780884,0.3529528081417084
4331308,0.4322476089000702,0.54851233959198,0.46479976177215576,0.26005062460899353,0.31181907653808594,0.3390931189060211,0.3298892378807068,0.5010219216346741,0.39388805627822876,0.3561459481716156,0.4272715151309967,0.41198474168777466,0.47802382707595825,0.32667553424835205,0.40462806820869446,0.444599986076355,0.41751110553741455,0.28216513991355896,0.5021489262580872,0.3539765477180481,0.5061323642730713,0.45196133852005005,0.35150599479675293
4332789,0.40781402587890625,0.35832515358924866,0.386076420545578,0.4814586341381073,0.4012064039707184,0.3661859333515167,0.34564438462257385,0.4438934326171875,0.5065473318099976,0.363188236951828,0.43528980016708374,0.5115631222724915,0.443577378988266,0.3378138542175293,0.3825097680091858,0.4050275385379791,0.4246683716773987,0.5496878623962402,0.464555561542511,0.3814590871334076,0.38269487023353577,0.4772622287273407,0.2943694591522217
4332790,0.3881917893886566,0.3596755266189575,0.31565603613853455,0.4106443524360657,0.3716410994529724,0.3324882388114929,0.35691869258880615,0.45026203989982605,0.4773801565170288,0.35106950998306274,0.4367341697216034,0.505371630191803,0.4468603730201721,0.3109946548938751,0.3769136965274811,0.441700279712677,0.4184670150279999,0.5297000408172607,0.4416372776031494,0.3484916388988495,0.37628433108329773,0.4681599736213684,0.3445514440536499
4332791,0.4188802242279053,0.36431464552879333,0.2910330593585968,0.39465567469596863,0.3515002131462097,0.2562097907066345,0.3630777895450592,0.4651128351688385,0.4523037374019623,0.3454006612300873,0.4441339671611786,0.46403002738952637,0.4772893190383911,0.32687142491340637,0.42010733485221863,0.44070595502853394,0.4443562626838684,0.514670193195343,0.46468743681907654,0.3029116690158844,0.37354233860969543,0.443643182516098,0.3709459900856018
4332971,0.4456632137298584,0.36187291145324707,0.39390480518341064,0.4679431915283203,0.41488000750541687,0.25961753726005554,0.35271432995796204,0.45026838779449463,0.5674247741699219,0.4030764698982239,0.42866700887680054,0.5397286415100098,0.4839157164096832,0.3653448522090912,0.4164057672023773,0.374153733253479,0.4179571568965912,0.6048202514648438,0.4951793849468231,0.3767145872116089,0.40155476331710815,0.5085443258285522,0.3025215268135071
4332972,0.42149314284324646,0.34427574276924133,0.32288992404937744,0.42518600821495056,0.384941428899765,0.2209024429321289,0.3940469026565552,0.45196589827537537,0.5513770580291748,0.3954777419567108,0.4229840040206909,0.5281854867935181,0.4730309545993805,0.32944443821907043,0.41021034121513367,0.39787185192108154,0.417231023311615,0.5920048952102661,0.49241578578948975,0.3407858610153198,0.39353328943252563,0.49345070123672485,0.3537207841873169
4371000,0.5010529160499573,0.3068217635154724,0.29125458002090454,0.3810980021953583,0.39834728837013245,0.2605966031551361,0.4825132489204407,0.4366965591907501,0.3041832447052002,0.3981885612010956,0.4278341829776764,0.3823654353618622,0.3278144896030426,0.4182528555393219,0.22798702120780945,0.3584173917770386,0.303350031375885,0.19836005568504333,0.5683473944664001,0.32528796792030334,0.47271761298179626,0.4789770543575287,0.43746742606163025
4738503,0.3297306001186371,0.339725524187088,0.3560987710952759,0.44792768359184265,0.38444212079048157,0.33947840332984924,0.36340010166168213,0.37503308057785034,0.46769794821739197,0.3696475327014923,0.42115598917007446,0.26597076654434204,0.38284778594970703,0.2899567484855652,0.3598669469356537,0.3589099645614624,0.4893122911453247,0.3267087936401367,0.4169207811355591,0.17949417233467102,0.3708594739437103,0.4221474528312683,0.34867149591445923
4860420,0.39854514598846436,0.4395606815814972,0.44720518589019775,0.45477887988090515,0.48297229409217834,0.44725778698921204,0.33243614435195923,0.43553462624549866,0.47448205947875977,0.42516517639160156,0.513125479221344,0.560990571975708,0.42921897768974304,0.39940035343170166,0.48170697689056396,0.473847895860672,0.5345810055732727,0.48885276913642883,0.44647839665412903,0.3850432336330414,0.4409834146499634,0.45898574590682983,0.39653921127319336
4860602,0.37252408266067505,0.4404955506324768,0.45059865713119507,0.44642210006713867,0.45534223318099976,0.44206124544143677,0.27830275893211365,0.44318583607673645,0.47322317957878113,0.411113440990448,0.47421741485595703,0.5334030985832214,0.4103890657424927,0.36063477396965027,0.4510120749473572,0.44431886076927185,0.5172215700149536,0.42610079050064087,0.4336008131504059,0.3862368166446686,0.42566290497779846,0.43561506271362305,0.386137992143631
4892070,0.4456733465194702,0.39887458086013794,0.3817174732685089,0.5676219463348389,0.42301830649375916,0.421711266040802,0.4732986092567444,0.4496251940727234,0.5455473065376282,0.38972845673561096,0.5274493098258972,0.5561034679412842,0.4943767786026001,0.4111684560775757,0.43701043725013733,0.6086792945861816,0.5293037295341492,0.43868157267570496,0.5063352584838867,0.39495229721069336,0.5365596413612366,0.5172722339630127,0.43907400965690613
4928627,0.3591032326221466,0.38190415501594543,0.2923160195350647,0.2982737421989441,0.2864573001861572,0.3532138764858246,0.3119104504585266,0.3142983615398407,0.32861897349357605,0.2805042862892151,0.3882582187652588,0.34350791573524475,0.3505227565765381,0.249850794672966,0.3263614773750305,0.3018947243690491,0.33626195788383484,0.33158642053604126,0.4119807481765747,0.3294486403465271,0.2459782510995865,0.29689091444015503,0.48208510875701904
4972135,0.5243435502052307,0.47961559891700745,0.5583224296569824,0.5424647927284241,0.4359627664089203,0.44431403279304504,0.5710136890411377,0.4808604419231415,0.536314845085144,0.5601004958152771,0.5715984106063843,0.588310182094574,0.511606752872467,0.4597071707248688,0.5214479565620422,0.5865159034729004,0.6085010766983032,0.42391836643218994,0.4946918785572052,0.49143001437187195,0.54215407371521,0.5277020931243896,0.6077555418014526
4979563,0.2551875412464142,0.17003096640110016,0.3161331117153168,0.2186126410961151,0.1709379404783249,0.24908563494682312,0.20174658298492432,0.257236510515213,0.23633286356925964,0.21166455745697021,0.2900232970714569,0.22359518706798553,0.20489557087421417,0.3790617287158966,0.20033776760101318,0.40340477228164673,0.3091669976711273,0.30290094017982483,0.2276839166879654,0.17469888925552368,0.20907767117023468,0.2961671054363251,0.21234557032585144
4980652,0.27369633316993713,0.27582040429115295,0.3436775207519531,0.2513192892074585,0.3406871557235718,0.3181324005126953,0.28782761096954346,0.2966533899307251,0.22067990899085999,0.21557380259037018,0.2728840708732605,0.24526800215244293,0.1814156323671341,0.34327447414398193,0.15092246234416962,0.299660325050354,0.30428385734558105,0.16857166588306427,0.11950553208589554,0.1570754051208496,0.18440382182598114,0.2826538681983948,0.0837206318974495
5018695,0.2556169033050537,0.1590047925710678,0.2511822581291199,0.1826951950788498,0.23805174231529236,0.2715267837047577,0.1828848272562027,0.2686997950077057,0.20759540796279907,0.2669547200202942,0.2554537057876587,0.24188604950904846,0.24854063987731934,0.21299491822719574,0.24060332775115967,0.3651335835456848,0.3575596511363983,0.28300195932388306,0.22278694808483124,0.20840254426002502,0.18015117943286896,0.1499079316854477,0.16933730244636536
5018876,0.21639463305473328,0.1693805754184723,0.25610965490341187,0.20040589570999146,0.24117249250411987,0.2597905099391937,0.18792027235031128,0.2504652142524719,0.23265890777111053,0.20696388185024261,0.26242709159851074,0.273464560508728,0.21193698048591614,0.24934382736682892,0.23383617401123047,0.4049902856349945,0.3321707844734192,0.3400098383426666,0.17130489647388458,0.19600866734981537,0.18832775950431824,0.17364026606082916,0.1352214813232422
5018877,0.24959644675254822,0.180632546544075,0.27203816175460815,0.1866522580385208,0.24556158483028412,0.25563549995422363,0.15954673290252686,0.2364685982465744,0.2321828305721283,0.25781384110450745,0.26666459441185,0.2654627561569214,0.20749355852603912,0.22157762944698334,0.22130678594112396,0.35847315192222595,0.36822038888931274,0.3330115079879761,0.1913568526506424,0.21950103342533112,0.18793907761573792,0.20539097487926483,0.1542506068944931
5057644,0.2984568476676941,0.1396235227584839,0.18696248531341553,0.2122354954481125,0.20969098806381226,0.24132511019706726,0.15266498923301697,0.28206419944763184,0.23268744349479675,0.2518033981323242,0.27361005544662476,0.2189488410949707,0.2247217297554016,0.19650207459926605,0.20263370871543884,0.3470637798309326,0.4889489710330963,0.22848254442214966,0.20350736379623413,0.19253744184970856,0.2862575352191925,0.13567516207695007,0.18752813339233398
5057826,0.2560137212276459,0.14081425964832306,0.18738561868667603,0.237283855676651,0.26013270020484924,0.2704882025718689,0.1627575159072876,0.270200252532959,0.2384672611951828,0.2557353675365448,0.270413339138031,0.2322181612253189,0.27186596393585205,0.15337586402893066,0.1742434799671173,0.3654702305793762,0.5060620903968811,0.2526097297668457,0.2619020938873291,0.20328640937805176,0.24667583405971527,0.14684315025806427,0.15937373042106628
5058007,0.24192927777767181,0.1285945326089859,0.1937963217496872,0.22670233249664307,0.31254082918167114,0.2924289107322693,0.15714603662490845,0.337430477142334,0.1875966489315033,0.2530421316623688,0.28869548439979553,0.2045457512140274,0.2718549370765686,0.1266101598739624,0.1418936848640442,0.35587844252586365,0.44251444935798645,0.2289556860923767,0.2547985911369324,0.19241595268249512,0.2033800482749939,0.14561010897159576,0.12510594725608826
5058008,0.2101161926984787,0.13217201828956604,0.1845562607049942,0.2560688257217407,0.3262884020805359,0.2864977717399597,0.16230811178684235,0.26782864332199097,0.23785564303398132,0.25676488876342773,0.2777225971221924,0.24867327511310577,0.29782193899154663,0.12712864577770233,0.14497190713882446,0.35009992122650146,0.5255421996116638,0.2612565755844116,0.24717167019844055,0.2143060863018036,0.20537300407886505,0.15371620655059814,0.12889602780342102
5058189,0.22942517697811127,0.1405176818370819,0.22173023223876953,0.23859518766403198,0.33407101035118103,0.29500001668930054,0.16870099306106567,0.3056716322898865,0.18900632858276367,0.2594079077243805,0.2835966646671295,0.2396015077829361,0.328614741563797,0.16671714186668396,0.13527753949165344,0.36647066473960876,0.42584049701690674,0.24257276952266693,0.19458307325839996,0.2023725062608719,0.16942183673381805,0.17191661894321442,0.10904321819543839
5096413,0.21051418781280518,0.1861397922039032,0.2211538702249527,0.24822849035263062,0.2574007213115692,0.1834682673215866,0.13364192843437195,0.41062700748443604,0.20544113218784332,0.29873764514923096,0.36308762431144714,0.2096385806798935,0.2109835296869278,0.28528666496276855,0.2652221620082855,0.3161526620388031,0.391896516084671,0.12187084555625916,0.1828964650630951,0.20929883420467377,0.34726500511169434,0.26724758744239807,0.29842978715896606
5096776,0.2504214346408844,0.19201824069023132,0.13596545159816742,0.2096203863620758,0.21179547905921936,0.20339041948318481,0.1415337771177292,0.3279341459274292,0.2054954171180725,0.2518337070941925,0.32603487372398376,0.22335967421531677,0.16274069249629974,0.269964337348938,0.23112525045871735,0.3672932982444763,0.4274587035179138,0.10637946426868439,0.20663943886756897,0.18067316710948944,0.3815324902534485,0.22648529708385468,0.23472820222377777
5097139,0.30123209953308105,0.15756534039974213,0.22785435616970062,0.1631816178560257,0.20771847665309906,0.226324662566185,0.14712882041931152,0.267305850982666,0.2538387179374695,0.24715450406074524,0.2641029953956604,0.22951874136924744,0.193168044090271,0.2341819554567337,0.23064617812633514,0.37360620498657227,0.4949631989002228,0.22722390294075012,0.1692415326833725,0.1804003119468689,0.33089157938957214,0.15163041651248932,0.21191033720970154
5295946,0.3391464948654175,0.3528473675251007,0.2990665137767792,0.411560595035553,0.39780059456825256,0.3116321563720703,0.30890944600105286,0.38708144426345825,0.3473946750164032,0.3625124990940094,0.4267285466194153,0.3067430257797241,0.30209773778915405,0.3720580041408539,0.35392600297927856,0.4348321855068207,0.31912100315093994,0.3966377377510071,0.3496350646018982,0.21421408653259277,0.38876208662986755,0.42292213439941406,0.36086487770080566
5335623,0.3251776099205017,0.3188008666038513,0.2902021110057831,0.4407179057598114,0.3652395009994507,0.27706801891326904,0.3008585572242737,0.372447669506073,0.3026069402694702,0.3206482231616974,0.41503190994262695,0.2952844500541687,0.2569577395915985,0.4053223729133606,0.37876462936401367,0.4406498968601227,0.2800617218017578,0.3681875765323639,0.3262897729873657,0.2036244124174118,0.3579738140106201,0.4323926270008087,0.3446749150753021
5335804,0.2668905556201935,0.26207178831100464,0.25714224576950073,0.41723406314849854,0.3474889099597931,0.32394543290138245,0.2817227244377136,0.4022507667541504,0.3200033903121948,0.3402605354785919,0.39128556847572327,0.28740301728248596,0.283354252576828,0.4229746162891388,0.4881768524646759,0.48137274384498596,0.2900466322898865,0.44139882922172546,0.33069145679473877,0.2027340531349182,0.3165479898452759,0.4277879595756531,0.33417877554893494
5335805,0.30049028992652893,0.3188008666038513,0.2902021110057831,0.4407179057598114,0.3652395009994507,0.2813628911972046,0.25105130672454834,0.3737490177154541,0.3193182349205017,0.3206482231616974,0.41503190994262695,0.22871680557727814,0.2569577395915985,0.4053223729133606,0.37876462936401367,0.4406498968601227,0.2733032703399658,0.3719894587993622,0.31897592544555664,0.20466524362564087,0.3579738140106201,0.4372198283672333,0.3446749150753021
5375481,0.32546114921569824,0.20564669370651245,0.2651575803756714,0.4398386776447296,0.3441498577594757,0.25637608766555786,0.20407947897911072,0.34976768493652344,0.3852209150791168,0.3053448796272278,0.3855816423892975,0.20468178391456604,0.26158788800239563,0.4394618272781372,0.4559616446495056,0.46325743198394775,0.2690880298614502,0.3695296347141266,0.2796650528907776,0.1986313909292221,0.2978915870189667,0.40274176001548767,0.31301918625831604
5375482,0.34611091017723083,0.21584399044513702,0.24280516803264618,0.4924909770488739,0.3645835220813751,0.26302435994148254,0.20057278871536255,0.3138473927974701,0.36509963870048523,0.279211163520813,0.33773916959762573,0.21345658600330353,0.24398429691791534,0.44078418612480164,0.481560081243515,0.388944149017334,0.28484416007995605,0.30044686794281006,0.2835165560245514,0.19975106418132782,0.2787873446941376,0.39997920393943787,0.29590529203414917
5415157,0.32546114921569824,0.16576582193374634,0.27225974202156067,0.44590288400650024,0.34024709463119507,0.25637608766555786,0.20407947897911072,0.34976768493652344,0.42778733372688293,0.3148922622203827,0.358517587184906,0.22871680557727814,0.29460567235946655,0.44570913910865784,0.5285263657569885,0.43671736121177673,0.2589491009712219,0.35790348052978516,0.27115973830223083,0.17999204993247986,0.276745468378067,0.3816258907318115,0.2971342206001282
5415158,0.3688526749610901,0.15655504167079926,0.2683134973049164,0.4905783534049988,0.36058616638183594,0.2433438003063202,0.20273296535015106,0.28951168060302734,0.3822932541370392,0.285466730594635,0.32458391785621643,0.2128482460975647,0.30042362213134766,0.45627206563949585,0.5304937958717346,0.3963807225227356,0.2655049264431,0.32543039321899414,0.27405476570129395,0.17826348543167114,0.24409081041812897,0.3936387896537781,0.2759668827056885
5459871,0.20317216217517853,0.20618191361427307,0.30785393714904785,0.21829938888549805,0.2723750174045563,0.24807539582252502,0.2859097421169281,0.2631284296512604,0.2022019326686859,0.26207491755485535,0.25536108016967773,0.2785857319831848,0.18980613350868225,0.26948440074920654,0.21273502707481384,0.23133158683776855,0.2859547436237335,0.3447265326976776,0.26761865615844727,0.20381207764148712,0.2094586342573166,0.20371778309345245,0.23834168910980225
5459872,0.19906966388225555,0.22507958114147186,0.29780271649360657,0.22587405145168304,0.2833544611930847,0.22824925184249878,0.25487834215164185,0.24577903747558594,0.18122263252735138,0.23096854984760284,0.24556393921375275,0.2400721162557602,0.1985241174697876,0.2604927122592926,0.17830078303813934,0.2432108223438263,0.27132004499435425,0.29838138818740845,0.27239930629730225,0.22638554871082306,0.22056221961975098,0.1931816190481186,0.25374487042427063
5459873,0.18956497311592102,0.2119993269443512,0.26721206307411194,0.24747660756111145,0.28314343094825745,0.24021191895008087,0.2594336271286011,0.22838380932807922,0.1751479059457779,0.2618371546268463,0.22746719419956207,0.21818913519382477,0.1896466463804245,0.25143003463745117,0.19495894014835358,0.23332573473453522,0.284206748008728,0.27830758690834045,0.2698769271373749,0.2151375114917755,0.2261030077934265,0.20769371092319489,0.2426273673772812
5460055,0.19702452421188354,0.20574873685836792,0.22783274948596954,0.23526401817798615,0.3272291421890259,0.21447215974330902,0.22225339710712433,0.22404509782791138,0.14246588945388794,0.2427569031715393,0.2030417025089264,0.18776801228523254,0.17385047674179077,0.2371940165758133,0.21098613739013672,0.2407657355070114,0.21131061017513275,0.25646698474884033,0.23892323672771454,0.1949285864830017,0.2254204899072647,0.1771385222673416,0.23547571897506714
5488465,0.4224381446838379,0.3627660274505615,0.3753080368041992,0.4133199453353882,0.4229249954223633,0.4915902316570282,0.11941224336624146,0.4452744126319885,0.37964534759521484,0.4984181821346283,0.47933119535446167,0.448981910943985,0.46355777978897095,0.4220031201839447,0.3948065936565399,0.3767286241054535,0.35189321637153625,0.3728804588317871,0.5350754857063293,0.4621553421020508,0.332817941904068,0.4412095844745636,0.3102811276912689
5535989,0.43751564621925354,0.41302716732025146,0.3814184367656708,0.3920603394508362,0.36232563853263855,0.43643561005592346,0.3890645503997803,0.39696651697158813,0.43236759305000305,0.37438464164733887,0.456722229719162,0.3822007477283478,0.4415817856788635,0.4272150993347168,0.39055606722831726,0.40216484665870667,0.4827629029750824,0.4002459645271301,0.3919559419155121,0.4057488739490509,0.4001643657684326,0.41701245307922363,0.41275784373283386
5575665,0.4024078845977783,0.3931548297405243,0.3539227545261383,0.3776434063911438,0.3351486623287201,0.4616973400115967,0.38988831639289856,0.38699695467948914,0.41507688164711,0.35509562492370605,0.4197775721549988,0.39857375621795654,0.4054729640483856,0.40467700362205505,0.39788782596588135,0.4068899154663086,0.44439569115638733,0.37194663286209106,0.4069425165653229,0.41132593154907227,0.3841463625431061,0.3931763470172882,0.4026823937892914
5890491,0.1910828948020935,0.22742144763469696,0.15633907914161682,0.20822551846504211,0.2717910706996918,0.23074139654636383,0.17099891602993011,0.26781541109085083,0.31690147519111633,0.3102324604988098,0.22374938428401947,0.30623123049736023,0.26556360721588135,0.1256294846534729,0.158087357878685,0.22600042819976807,0.32135289907455444,0.23153144121170044,0.1574203222990036,0.2314012497663498,0.27164334058761597,0.20119032263755798,0.28629645705223083
