subject,roi,centrality
sub-pl002,0,24.0
sub-pl002,1,31.0
sub-pl002,2,29.0
sub-pl002,3,20.0
sub-pl002,4,31.0
sub-pl002,5,28.0
sub-pl002,6,24.0
sub-pl002,7,20.0
sub-pl002,8,32.0
sub-pl002,9,25.0
sub-pl002,10,25.0
sub-pl002,11,30.0
sub-pl002,12,28.0
sub-pl002,13,24.0
sub-pl002,14,31.0
sub-pl002,15,25.0
sub-pl002,16,29.0
sub-pl002,17,18.0
sub-pl002,18,25.0
sub-pl002,19,26.0
sub-pl002,20,29.0
sub-pl002,21,29.0
sub-pl002,22,28.0
sub-pl002,23,26.0
sub-pl002,24,26.0
sub-pl002,25,28.0
sub-pl002,26,23.0
sub-pl002,27,25.0
sub-pl002,28,12.0
sub-pl002,29,16.0
sub-pl002,30,16.0
sub-pl002,31,12.0
sub-pl002,32,12.0
sub-pl002,33,16.0
sub-pl002,34,17.0
sub-pl002,35,17.0
sub-pl002,36,29.0
sub-pl002,37,29.0
sub-pl002,38,12.0
sub-pl002,39,11.0
sub-pl002,40,19.0
sub-pl002,41,16.0
sub-pl002,42,18.0
sub-pl002,43,17.0
sub-pl002,44,24.0
sub-pl002,45,23.0
sub-pl002,46,18.0
sub-pl002,47,19.0
sub-pl002,48,25.0
sub-pl002,49,15.0
sub-pl002,50,19.0
sub-pl002,51,18.0
sub-pl002,52,28.0
sub-pl002,53,20.0
sub-pl002,54,27.0
sub-pl002,55,31.0
sub-pl002,56,22.0
sub-pl002,57,25.0
sub-pl002,58,21.0
sub-pl002,59,20.0
sub-pl002,60,16.0
sub-pl002,61,20.0
sub-pl002,62,23.0
sub-pl002,63,23.0
sub-pl002,64,14.0
sub-pl002,65,16.0
sub-pl002,66,15.0
sub-pl002,67,17.0
sub-pl002,68,13.0
sub-pl002,69,11.0
sub-pl002,70,15.0
sub-pl002,71,9.0
sub-pl002,72,15.0
sub-pl002,73,14.0
sub-pl002,74,16.0
sub-pl002,75,13.0
sub-pl002,76,11.0
sub-pl002,77,15.0
sub-pl002,78,16.0
sub-pl002,79,9.0
sub-pl002,80,14.0
sub-pl002,81,16.0
sub-pl002,82,16.0
sub-pl002,83,16.0
sub-pl002,84,14.0
sub-pl002,85,14.0
sub-pl002,86,21.0
sub-pl002,87,20.0
sub-pl002,88,6.0
sub-pl002,89,5.0
sub-pl002,90,7.0
sub-pl002,91,4.0
sub-pl002,92,16.0
sub-pl002,93,12.0
sub-pl002,94,13.0
sub-pl002,95,15.0
sub-pl002,96,13.0
sub-pl002,97,7.0
sub-pl002,98,13.0
sub-pl002,99,10.0
sub-pl002,100,11.0
sub-pl002,101,12.0
sub-pl002,102,19.0
sub-pl002,103,16.0
sub-pl002,104,14.0
sub-pl002,105,12.0
sub-pl002,106,14.0
sub-pl002,107,15.0
sub-pl002,108,6.0
sub-pl002,109,3.0
sub-pl002,110,6.0
sub-pl002,111,4.0
sub-pl002,112,6.0
sub-pl002,113,7.0
sub-pl002,114,2.0
sub-pl002,115,0.0
sub-pl002,116,0.0
sub-pl002,117,0.0
sub-pl002,118,7.0
sub-pl002,119,8.0
sub-pl002,120,12.0
sub-pl002,121,11.0
sub-pl002,122,11.0
sub-pl002,123,11.0
sub-pl002,124,11.0
sub-pl002,125,16.0
sub-pl002,126,18.0
sub-pl002,127,17.0
sub-pl002,128,18.0
sub-pl002,129,10.0
sub-pl002,130,18.0
sub-pl002,131,18.0
sub-pl002,132,12.0
sub-pl002,133,11.0
sub-pl002,134,20.0
sub-pl002,135,27.0
sub-pl002,136,25.0
sub-pl002,137,24.0
sub-pl002,138,19.0
sub-pl002,139,24.0
sub-pl002,140,24.0
sub-pl002,141,31.0
sub-pl002,142,32.0
sub-pl002,143,22.0
sub-pl002,144,26.0
sub-pl002,145,29.0
sub-pl002,146,14.0
sub-pl002,147,14.0
sub-pl002,148,21.0
sub-pl002,149,19.0
sub-pl002,150,25.0
sub-pl002,151,27.0
sub-pl002,152,11.0
sub-pl002,153,15.0
sub-pl002,154,20.0
sub-pl002,155,21.0
sub-pl002,156,17.0
sub-pl002,157,14.0
sub-pl002,158,16.0
sub-pl002,159,18.0
sub-pl002,160,24.0
sub-pl002,161,16.0
sub-pl002,162,20.0
sub-pl002,163,18.0
sub-pl002,164,14.0
sub-pl002,165,13.0
sub-pl002,166,16.0
sub-pl002,167,15.0
sub-pl002,168,30.0
sub-pl002,169,28.0
sub-pl002,170,19.0
sub-pl002,171,17.0
sub-pl002,172,28.0
sub-pl002,173,22.0
sub-pl002,174,16.0
sub-pl002,175,15.0
sub-pl002,176,28.0
sub-pl002,177,47.0
sub-pl002,178,21.0
sub-pl002,179,9.0
sub-pl002,180,45.0
sub-pl002,181,43.0
sub-pl002,182,17.0
sub-pl002,183,9.0
sub-pl002,184,19.0
sub-pl002,185,16.0
sub-pl002,186,18.0
sub-pl002,187,11.0
sub-pl002,188,10.0
sub-pl002,189,11.0
sub-pl002,190,10.0
sub-pl002,191,10.0
sub-pl002,192,12.0
sub-pl002,193,10.0
sub-pl002,194,13.0
sub-pl002,195,16.0
sub-pl002,196,16.0
sub-pl002,197,17.0
sub-pl002,198,16.0
sub-pl002,199,15.0
sub-pl002,200,20.0
sub-pl002,201,21.0
sub-pl002,202,16.0
sub-pl002,203,14.0
sub-pl002,204,14.0
sub-pl002,205,14.0
sub-pl002,206,14.0
sub-pl002,207,17.0
sub-pl002,208,20.0
sub-pl002,209,19.0
sub-pl002,210,70.0
sub-pl002,211,45.0
sub-pl002,212,61.0
sub-pl002,213,14.0
sub-pl002,214,74.0
sub-pl002,215,14.0
sub-pl002,216,11.0
sub-pl002,217,7.0
sub-pl002,218,62.0
sub-pl002,219,40.0
sub-pl002,220,66.0
sub-pl002,221,11.0
sub-pl002,222,14.0
sub-pl002,223,4.0
sub-pl002,224,5.0
sub-pl006,0,24.0
sub-pl006,1,32.0
sub-pl006,2,28.0
sub-pl006,3,20.0
sub-pl006,4,31.0
sub-pl006,5,29.0
sub-pl006,6,25.0
sub-pl006,7,21.0
sub-pl006,8,31.0
sub-pl006,9,26.0
sub-pl006,10,25.0
sub-pl006,11,30.0
sub-pl006,12,28.0
sub-pl006,13,26.0
sub-pl006,14,31.0
sub-pl006,15,27.0
sub-pl006,16,28.0
sub-pl006,17,20.0
sub-pl006,18,25.0
sub-pl006,19,26.0
sub-pl006,20,30.0
sub-pl006,21,29.0
sub-pl006,22,28.0
sub-pl006,23,26.0
sub-pl006,24,25.0
sub-pl006,25,26.0
sub-pl006,26,23.0
sub-pl006,27,25.0
sub-pl006,28,13.0
sub-pl006,29,16.0
sub-pl006,30,16.0
sub-pl006,31,12.0
sub-pl006,32,11.0
sub-pl006,33,16.0
sub-pl006,34,17.0
sub-pl006,35,17.0
sub-pl006,36,29.0
sub-pl006,37,28.0
sub-pl006,38,12.0
sub-pl006,39,11.0
sub-pl006,40,20.0
sub-pl006,41,17.0
sub-pl006,42,18.0
sub-pl006,43,17.0
sub-pl006,44,24.0
sub-pl006,45,23.0
sub-pl006,46,18.0
sub-pl006,47,19.0
sub-pl006,48,25.0
sub-pl006,49,15.0
sub-pl006,50,19.0
sub-pl006,51,18.0
sub-pl006,52,28.0
sub-pl006,53,20.0
sub-pl006,54,27.0
sub-pl006,55,32.0
sub-pl006,56,22.0
sub-pl006,57,25.0
sub-pl006,58,23.0
sub-pl006,59,20.0
sub-pl006,60,16.0
sub-pl006,61,19.0
sub-pl006,62,23.0
sub-pl006,63,23.0
sub-pl006,64,14.0
sub-pl006,65,16.0
sub-pl006,66,15.0
sub-pl006,67,17.0
sub-pl006,68,13.0
sub-pl006,69,10.0
sub-pl006,70,14.0
sub-pl006,71,9.0
sub-pl006,72,15.0
sub-pl006,73,14.0
sub-pl006,74,16.0
sub-pl006,75,12.0
sub-pl006,76,10.0
sub-pl006,77,15.0
sub-pl006,78,15.0
sub-pl006,79,9.0
sub-pl006,80,14.0
sub-pl006,81,16.0
sub-pl006,82,17.0
sub-pl006,83,16.0
sub-pl006,84,14.0
sub-pl006,85,13.0
sub-pl006,86,21.0
sub-pl006,87,20.0
sub-pl006,88,6.0
sub-pl006,89,5.0
sub-pl006,90,7.0
sub-pl006,91,4.0
sub-pl006,92,17.0
sub-pl006,93,12.0
sub-pl006,94,13.0
sub-pl006,95,16.0
sub-pl006,96,14.0
sub-pl006,97,8.0
sub-pl006,98,13.0
sub-pl006,99,10.0
sub-pl006,100,11.0
sub-pl006,101,12.0
sub-pl006,102,20.0
sub-pl006,103,17.0
sub-pl006,104,15.0
sub-pl006,105,12.0
sub-pl006,106,15.0
sub-pl006,107,15.0
sub-pl006,108,6.0
sub-pl006,109,3.0
sub-pl006,110,6.0
sub-pl006,111,4.0
sub-pl006,112,7.0
sub-pl006,113,7.0
sub-pl006,114,2.0
sub-pl006,115,0.0
sub-pl006,116,0.0
sub-pl006,117,0.0
sub-pl006,118,7.0
sub-pl006,119,8.0
sub-pl006,120,12.0
sub-pl006,121,11.0
sub-pl006,122,8.0
sub-pl006,123,11.0
sub-pl006,124,11.0
sub-pl006,125,16.0
sub-pl006,126,18.0
sub-pl006,127,17.0
sub-pl006,128,19.0
sub-pl006,129,12.0
sub-pl006,130,20.0
sub-pl006,131,19.0
sub-pl006,132,12.0
sub-pl006,133,11.0
sub-pl006,134,21.0
sub-pl006,135,27.0
sub-pl006,136,25.0
sub-pl006,137,24.0
sub-pl006,138,18.0
sub-pl006,139,25.0
sub-pl006,140,25.0
sub-pl006,141,32.0
sub-pl006,142,32.0
sub-pl006,143,22.0
sub-pl006,144,27.0
sub-pl006,145,29.0
sub-pl006,146,14.0
sub-pl006,147,14.0
sub-pl006,148,21.0
sub-pl006,149,19.0
sub-pl006,150,28.0
sub-pl006,151,27.0
sub-pl006,152,11.0
sub-pl006,153,14.0
sub-pl006,154,20.0
sub-pl006,155,21.0
sub-pl006,156,17.0
sub-pl006,157,14.0
sub-pl006,158,16.0
sub-pl006,159,19.0
sub-pl006,160,24.0
sub-pl006,161,16.0
sub-pl006,162,20.0
sub-pl006,163,19.0
sub-pl006,164,15.0
sub-pl006,165,14.0
sub-pl006,166,17.0
sub-pl006,167,16.0
sub-pl006,168,33.0
sub-pl006,169,27.0
sub-pl006,170,19.0
sub-pl006,171,17.0
sub-pl006,172,27.0
sub-pl006,173,22.0
sub-pl006,174,16.0
sub-pl006,175,14.0
sub-pl006,176,31.0
sub-pl006,177,46.0
sub-pl006,178,21.0
sub-pl006,179,9.0
sub-pl006,180,46.0
sub-pl006,181,42.0
sub-pl006,182,17.0
sub-pl006,183,9.0
sub-pl006,184,20.0
sub-pl006,185,16.0
sub-pl006,186,19.0
sub-pl006,187,11.0
sub-pl006,188,10.0
sub-pl006,189,11.0
sub-pl006,190,10.0
sub-pl006,191,10.0
sub-pl006,192,12.0
sub-pl006,193,10.0
sub-pl006,194,13.0
sub-pl006,195,16.0
sub-pl006,196,17.0
sub-pl006,197,17.0
sub-pl006,198,17.0
sub-pl006,199,15.0
sub-pl006,200,20.0
sub-pl006,201,21.0
sub-pl006,202,16.0
sub-pl006,203,14.0
sub-pl006,204,15.0
sub-pl006,205,15.0
sub-pl006,206,14.0
sub-pl006,207,17.0
sub-pl006,208,21.0
sub-pl006,209,20.0
sub-pl006,210,69.0
sub-pl006,211,45.0
sub-pl006,212,65.0
sub-pl006,213,14.0
sub-pl006,214,71.0
sub-pl006,215,15.0
sub-pl006,216,11.0
sub-pl006,217,7.0
sub-pl006,218,62.0
sub-pl006,219,41.0
sub-pl006,220,67.0
sub-pl006,221,11.0
sub-pl006,222,13.0
sub-pl006,223,4.0
sub-pl006,224,5.0
sub-pl015,0,24.0
sub-pl015,1,31.0
sub-pl015,2,29.0
sub-pl015,3,20.0
sub-pl015,4,31.0
sub-pl015,5,28.0
sub-pl015,6,25.0
sub-pl015,7,21.0
sub-pl015,8,32.0
sub-pl015,9,24.0
sub-pl015,10,26.0
sub-pl015,11,30.0
sub-pl015,12,28.0
sub-pl015,13,27.0
sub-pl015,14,31.0
sub-pl015,15,27.0
sub-pl015,16,28.0
sub-pl015,17,20.0
sub-pl015,18,24.0
sub-pl015,19,26.0
sub-pl015,20,31.0
sub-pl015,21,29.0
sub-pl015,22,28.0
sub-pl015,23,26.0
sub-pl015,24,25.0
sub-pl015,25,28.0
sub-pl015,26,23.0
sub-pl015,27,24.0
sub-pl015,28,13.0
sub-pl015,29,16.0
sub-pl015,30,15.0
sub-pl015,31,12.0
sub-pl015,32,11.0
sub-pl015,33,15.0
sub-pl015,34,17.0
sub-pl015,35,16.0
sub-pl015,36,29.0
sub-pl015,37,28.0
sub-pl015,38,12.0
sub-pl015,39,11.0
sub-pl015,40,20.0
sub-pl015,41,17.0
sub-pl015,42,16.0
sub-pl015,43,17.0
sub-pl015,44,20.0
sub-pl015,45,21.0
sub-pl015,46,18.0
sub-pl015,47,18.0
sub-pl015,48,25.0
sub-pl015,49,15.0
sub-pl015,50,19.0
sub-pl015,51,18.0
sub-pl015,52,28.0
sub-pl015,53,17.0
sub-pl015,54,27.0
sub-pl015,55,33.0
sub-pl015,56,22.0
sub-pl015,57,25.0
sub-pl015,58,23.0
sub-pl015,59,20.0
sub-pl015,60,16.0
sub-pl015,61,19.0
sub-pl015,62,22.0
sub-pl015,63,20.0
sub-pl015,64,14.0
sub-pl015,65,16.0
sub-pl015,66,16.0
sub-pl015,67,17.0
sub-pl015,68,13.0
sub-pl015,69,11.0
sub-pl015,70,15.0
sub-pl015,71,9.0
sub-pl015,72,15.0
sub-pl015,73,14.0
sub-pl015,74,16.0
sub-pl015,75,12.0
sub-pl015,76,11.0
sub-pl015,77,14.0
sub-pl015,78,16.0
sub-pl015,79,9.0
sub-pl015,80,14.0
sub-pl015,81,16.0
sub-pl015,82,16.0
sub-pl015,83,15.0
sub-pl015,84,13.0
sub-pl015,85,14.0
sub-pl015,86,21.0
sub-pl015,87,20.0
sub-pl015,88,6.0
sub-pl015,89,5.0
sub-pl015,90,7.0
sub-pl015,91,4.0
sub-pl015,92,17.0
sub-pl015,93,11.0
sub-pl015,94,13.0
sub-pl015,95,16.0
sub-pl015,96,14.0
sub-pl015,97,8.0
sub-pl015,98,12.0
sub-pl015,99,10.0
sub-pl015,100,11.0
sub-pl015,101,12.0
sub-pl015,102,20.0
sub-pl015,103,17.0
sub-pl015,104,15.0
sub-pl015,105,12.0
sub-pl015,106,15.0
sub-pl015,107,15.0
sub-pl015,108,6.0
sub-pl015,109,3.0
sub-pl015,110,6.0
sub-pl015,111,4.0
sub-pl015,112,7.0
sub-pl015,113,7.0
sub-pl015,114,2.0
sub-pl015,115,0.0
sub-pl015,116,0.0
sub-pl015,117,0.0
sub-pl015,118,7.0
sub-pl015,119,8.0
sub-pl015,120,12.0
sub-pl015,121,11.0
sub-pl015,122,10.0
sub-pl015,123,11.0
sub-pl015,124,11.0
sub-pl015,125,16.0
sub-pl015,126,18.0
sub-pl015,127,17.0
sub-pl015,128,19.0
sub-pl015,129,12.0
sub-pl015,130,20.0
sub-pl015,131,19.0
sub-pl015,132,12.0
sub-pl015,133,11.0
sub-pl015,134,21.0
sub-pl015,135,27.0
sub-pl015,136,26.0
sub-pl015,137,24.0
sub-pl015,138,19.0
sub-pl015,139,25.0
sub-pl015,140,25.0
sub-pl015,141,32.0
sub-pl015,142,32.0
sub-pl015,143,21.0
sub-pl015,144,27.0
sub-pl015,145,29.0
sub-pl015,146,14.0
sub-pl015,147,13.0
sub-pl015,148,21.0
sub-pl015,149,19.0
sub-pl015,150,28.0
sub-pl015,151,28.0
sub-pl015,152,11.0
sub-pl015,153,14.0
sub-pl015,154,20.0
sub-pl015,155,22.0
sub-pl015,156,17.0
sub-pl015,157,14.0
sub-pl015,158,16.0
sub-pl015,159,19.0
sub-pl015,160,24.0
sub-pl015,161,16.0
sub-pl015,162,20.0
sub-pl015,163,19.0
sub-pl015,164,15.0
sub-pl015,165,14.0
sub-pl015,166,17.0
sub-pl015,167,16.0
sub-pl015,168,32.0
sub-pl015,169,28.0
sub-pl015,170,19.0
sub-pl015,171,16.0
sub-pl015,172,28.0
sub-pl015,173,22.0
sub-pl015,174,16.0
sub-pl015,175,15.0
sub-pl015,176,26.0
sub-pl015,177,47.0
sub-pl015,178,21.0
sub-pl015,179,9.0
sub-pl015,180,46.0
sub-pl015,181,43.0
sub-pl015,182,17.0
sub-pl015,183,9.0
sub-pl015,184,20.0
sub-pl015,185,16.0
sub-pl015,186,19.0
sub-pl015,187,10.0
sub-pl015,188,10.0
sub-pl015,189,10.0
sub-pl015,190,10.0
sub-pl015,191,10.0
sub-pl015,192,12.0
sub-pl015,193,10.0
sub-pl015,194,13.0
sub-pl015,195,16.0
sub-pl015,196,17.0
sub-pl015,197,17.0
sub-pl015,198,17.0
sub-pl015,199,14.0
sub-pl015,200,19.0
sub-pl015,201,21.0
sub-pl015,202,16.0
sub-pl015,203,14.0
sub-pl015,204,15.0
sub-pl015,205,15.0
sub-pl015,206,14.0
sub-pl015,207,17.0
sub-pl015,208,21.0
sub-pl015,209,19.0
sub-pl015,210,70.0
sub-pl015,211,45.0
sub-pl015,212,65.0
sub-pl015,213,14.0
sub-pl015,214,75.0
sub-pl015,215,14.0
sub-pl015,216,10.0
sub-pl015,217,7.0
sub-pl015,218,62.0
sub-pl015,219,41.0
sub-pl015,220,66.0
sub-pl015,221,11.0
sub-pl015,222,13.0
sub-pl015,223,4.0
sub-pl015,224,5.0
sub-pl021,0,24.0
sub-pl021,1,32.0
sub-pl021,2,29.0
sub-pl021,3,20.0
sub-pl021,4,30.0
sub-pl021,5,28.0
sub-pl021,6,24.0
sub-pl021,7,21.0
sub-pl021,8,32.0
sub-pl021,9,26.0
sub-pl021,10,26.0
sub-pl021,11,29.0
sub-pl021,12,28.0
sub-pl021,13,27.0
sub-pl021,14,30.0
sub-pl021,15,27.0
sub-pl021,16,29.0
sub-pl021,17,20.0
sub-pl021,18,25.0
sub-pl021,19,26.0
sub-pl021,20,31.0
sub-pl021,21,29.0
sub-pl021,22,27.0
sub-pl021,23,26.0
sub-pl021,24,25.0
sub-pl021,25,28.0
sub-pl021,26,23.0
sub-pl021,27,25.0
sub-pl021,28,13.0
sub-pl021,29,16.0
sub-pl021,30,15.0
sub-pl021,31,12.0
sub-pl021,32,12.0
sub-pl021,33,16.0
sub-pl021,34,17.0
sub-pl021,35,16.0
sub-pl021,36,29.0
sub-pl021,37,29.0
sub-pl021,38,12.0
sub-pl021,39,11.0
sub-pl021,40,20.0
sub-pl021,41,17.0
sub-pl021,42,17.0
sub-pl021,43,17.0
sub-pl021,44,24.0
sub-pl021,45,23.0
sub-pl021,46,18.0
sub-pl021,47,19.0
sub-pl021,48,24.0
sub-pl021,49,15.0
sub-pl021,50,18.0
sub-pl021,51,18.0
sub-pl021,52,27.0
sub-pl021,53,20.0
sub-pl021,54,27.0
sub-pl021,55,33.0
sub-pl021,56,22.0
sub-pl021,57,24.0
sub-pl021,58,23.0
sub-pl021,59,20.0
sub-pl021,60,16.0
sub-pl021,61,20.0
sub-pl021,62,23.0
sub-pl021,63,23.0
sub-pl021,64,14.0
sub-pl021,65,16.0
sub-pl021,66,16.0
sub-pl021,67,17.0
sub-pl021,68,12.0
sub-pl021,69,11.0
sub-pl021,70,15.0
sub-pl021,71,9.0
sub-pl021,72,14.0
sub-pl021,73,14.0
sub-pl021,74,16.0
sub-pl021,75,13.0
sub-pl021,76,11.0
sub-pl021,77,15.0
sub-pl021,78,15.0
sub-pl021,79,9.0
sub-pl021,80,13.0
sub-pl021,81,16.0
sub-pl021,82,17.0
sub-pl021,83,16.0
sub-pl021,84,14.0
sub-pl021,85,14.0
sub-pl021,86,21.0
sub-pl021,87,20.0
sub-pl021,88,6.0
sub-pl021,89,5.0
sub-pl021,90,7.0
sub-pl021,91,4.0
sub-pl021,92,17.0
sub-pl021,93,12.0
sub-pl021,94,13.0
sub-pl021,95,16.0
sub-pl021,96,14.0
sub-pl021,97,8.0
sub-pl021,98,13.0
sub-pl021,99,10.0
sub-pl021,100,11.0
sub-pl021,101,12.0
sub-pl021,102,20.0
sub-pl021,103,17.0
sub-pl021,104,12.0
sub-pl021,105,12.0
sub-pl021,106,15.0
sub-pl021,107,15.0
sub-pl021,108,6.0
sub-pl021,109,3.0
sub-pl021,110,6.0
sub-pl021,111,4.0
sub-pl021,112,7.0
sub-pl021,113,6.0
sub-pl021,114,2.0
sub-pl021,115,0.0
sub-pl021,116,0.0
sub-pl021,117,0.0
sub-pl021,118,6.0
sub-pl021,119,8.0
sub-pl021,120,12.0
sub-pl021,121,11.0
sub-pl021,122,11.0
sub-pl021,123,11.0
sub-pl021,124,10.0
sub-pl021,125,16.0
sub-pl021,126,18.0
sub-pl021,127,15.0
sub-pl021,128,19.0
sub-pl021,129,12.0
sub-pl021,130,20.0
sub-pl021,131,19.0
sub-pl021,132,12.0
sub-pl021,133,10.0
sub-pl021,134,21.0
sub-pl021,135,27.0
sub-pl021,136,26.0
sub-pl021,137,24.0
sub-pl021,138,19.0
sub-pl021,139,25.0
sub-pl021,140,25.0
sub-pl021,141,30.0
sub-pl021,142,32.0
sub-pl021,143,22.0
sub-pl021,144,27.0
sub-pl021,145,29.0
sub-pl021,146,14.0
sub-pl021,147,13.0
sub-pl021,148,21.0
sub-pl021,149,19.0
sub-pl021,150,28.0
sub-pl021,151,28.0
sub-pl021,152,11.0
sub-pl021,153,15.0
sub-pl021,154,20.0
sub-pl021,155,22.0
sub-pl021,156,17.0
sub-pl021,157,14.0
sub-pl021,158,16.0
sub-pl021,159,19.0
sub-pl021,160,24.0
sub-pl021,161,16.0
sub-pl021,162,20.0
sub-pl021,163,19.0
sub-pl021,164,15.0
sub-pl021,165,14.0
sub-pl021,166,17.0
sub-pl021,167,16.0
sub-pl021,168,33.0
sub-pl021,169,29.0
sub-pl021,170,18.0
sub-pl021,171,17.0
sub-pl021,172,26.0
sub-pl021,173,22.0
sub-pl021,174,16.0
sub-pl021,175,13.0
sub-pl021,176,30.0
sub-pl021,177,48.0
sub-pl021,178,20.0
sub-pl021,179,9.0
sub-pl021,180,45.0
sub-pl021,181,43.0
sub-pl021,182,16.0
sub-pl021,183,8.0
sub-pl021,184,20.0
sub-pl021,185,16.0
sub-pl021,186,19.0
sub-pl021,187,11.0
sub-pl021,188,10.0
sub-pl021,189,11.0
sub-pl021,190,10.0
sub-pl021,191,9.0
sub-pl021,192,12.0
sub-pl021,193,10.0
sub-pl021,194,13.0
sub-pl021,195,16.0
sub-pl021,196,16.0
sub-pl021,197,17.0
sub-pl021,198,17.0
sub-pl021,199,15.0
sub-pl021,200,20.0
sub-pl021,201,21.0
sub-pl021,202,17.0
sub-pl021,203,13.0
sub-pl021,204,15.0
sub-pl021,205,14.0
sub-pl021,206,14.0
sub-pl021,207,16.0
sub-pl021,208,21.0
sub-pl021,209,20.0
sub-pl021,210,70.0
sub-pl021,211,45.0
sub-pl021,212,64.0
sub-pl021,213,14.0
sub-pl021,214,74.0
sub-pl021,215,14.0
sub-pl021,216,11.0
sub-pl021,217,7.0
sub-pl021,218,61.0
sub-pl021,219,41.0
sub-pl021,220,67.0
sub-pl021,221,11.0
sub-pl021,222,13.0
sub-pl021,223,4.0
sub-pl021,224,5.0
sub-pl022,0,24.0
sub-pl022,1,32.0
sub-pl022,2,29.0
sub-pl022,3,20.0
sub-pl022,4,30.0
sub-pl022,5,29.0
sub-pl022,6,24.0
sub-pl022,7,21.0
sub-pl022,8,32.0
sub-pl022,9,25.0
sub-pl022,10,26.0
sub-pl022,11,30.0
sub-pl022,12,28.0
sub-pl022,13,26.0
sub-pl022,14,31.0
sub-pl022,15,27.0
sub-pl022,16,29.0
sub-pl022,17,20.0
sub-pl022,18,25.0
sub-pl022,19,26.0
sub-pl022,20,31.0
sub-pl022,21,27.0
sub-pl022,22,27.0
sub-pl022,23,25.0
sub-pl022,24,25.0
sub-pl022,25,28.0
sub-pl022,26,23.0
sub-pl022,27,25.0
sub-pl022,28,13.0
sub-pl022,29,16.0
sub-pl022,30,16.0
sub-pl022,31,12.0
sub-pl022,32,12.0
sub-pl022,33,16.0
sub-pl022,34,17.0
sub-pl022,35,17.0
sub-pl022,36,29.0
sub-pl022,37,29.0
sub-pl022,38,12.0
sub-pl022,39,11.0
sub-pl022,40,20.0
sub-pl022,41,17.0
sub-pl022,42,18.0
sub-pl022,43,17.0
sub-pl022,44,24.0
sub-pl022,45,22.0
sub-pl022,46,18.0
sub-pl022,47,19.0
sub-pl022,48,25.0
sub-pl022,49,15.0
sub-pl022,50,19.0
sub-pl022,51,18.0
sub-pl022,52,28.0
sub-pl022,53,20.0
sub-pl022,54,26.0
sub-pl022,55,33.0
sub-pl022,56,21.0
sub-pl022,57,23.0
sub-pl022,58,23.0
sub-pl022,59,20.0
sub-pl022,60,16.0
sub-pl022,61,20.0
sub-pl022,62,22.0
sub-pl022,63,23.0
sub-pl022,64,14.0
sub-pl022,65,16.0
sub-pl022,66,16.0
sub-pl022,67,15.0
sub-pl022,68,13.0
sub-pl022,69,11.0
sub-pl022,70,15.0
sub-pl022,71,9.0
sub-pl022,72,15.0
sub-pl022,73,13.0
sub-pl022,74,15.0
sub-pl022,75,13.0
sub-pl022,76,11.0
sub-pl022,77,14.0
sub-pl022,78,16.0
sub-pl022,79,9.0
sub-pl022,80,14.0
sub-pl022,81,16.0
sub-pl022,82,17.0
sub-pl022,83,16.0
sub-pl022,84,14.0
sub-pl022,85,14.0
sub-pl022,86,21.0
sub-pl022,87,20.0
sub-pl022,88,6.0
sub-pl022,89,5.0
sub-pl022,90,7.0
sub-pl022,91,4.0
sub-pl022,92,17.0
sub-pl022,93,11.0
sub-pl022,94,13.0
sub-pl022,95,16.0
sub-pl022,96,14.0
sub-pl022,97,8.0
sub-pl022,98,13.0
sub-pl022,99,10.0
sub-pl022,100,11.0
sub-pl022,101,12.0
sub-pl022,102,20.0
sub-pl022,103,17.0
sub-pl022,104,13.0
sub-pl022,105,12.0
sub-pl022,106,15.0
sub-pl022,107,15.0
sub-pl022,108,6.0
sub-pl022,109,3.0
sub-pl022,110,4.0
sub-pl022,111,3.0
sub-pl022,112,7.0
sub-pl022,113,7.0
sub-pl022,114,1.0
sub-pl022,115,0.0
sub-pl022,116,0.0
sub-pl022,117,0.0
sub-pl022,118,2.0
sub-pl022,119,8.0
sub-pl022,120,12.0
sub-pl022,121,11.0
sub-pl022,122,11.0
sub-pl022,123,11.0
sub-pl022,124,11.0
sub-pl022,125,16.0
sub-pl022,126,18.0
sub-pl022,127,17.0
sub-pl022,128,17.0
sub-pl022,129,12.0
sub-pl022,130,20.0
sub-pl022,131,19.0
sub-pl022,132,12.0
sub-pl022,133,10.0
sub-pl022,134,21.0
sub-pl022,135,25.0
sub-pl022,136,26.0
sub-pl022,137,23.0
sub-pl022,138,19.0
sub-pl022,139,25.0
sub-pl022,140,25.0
sub-pl022,141,32.0
sub-pl022,142,32.0
sub-pl022,143,21.0
sub-pl022,144,27.0
sub-pl022,145,29.0
sub-pl022,146,14.0
sub-pl022,147,14.0
sub-pl022,148,21.0
sub-pl022,149,19.0
sub-pl022,150,28.0
sub-pl022,151,28.0
sub-pl022,152,11.0
sub-pl022,153,15.0
sub-pl022,154,19.0
sub-pl022,155,22.0
sub-pl022,156,17.0
sub-pl022,157,14.0
sub-pl022,158,16.0
sub-pl022,159,19.0
sub-pl022,160,23.0
sub-pl022,161,16.0
sub-pl022,162,21.0
sub-pl022,163,19.0
sub-pl022,164,15.0
sub-pl022,165,13.0
sub-pl022,166,17.0
sub-pl022,167,15.0
sub-pl022,168,33.0
sub-pl022,169,29.0
sub-pl022,170,19.0
sub-pl022,171,17.0
sub-pl022,172,27.0
sub-pl022,173,22.0
sub-pl022,174,16.0
sub-pl022,175,14.0
sub-pl022,176,31.0
sub-pl022,177,46.0
sub-pl022,178,21.0
sub-pl022,179,8.0
sub-pl022,180,44.0
sub-pl022,181,42.0
sub-pl022,182,17.0
sub-pl022,183,9.0
sub-pl022,184,20.0
sub-pl022,185,16.0
sub-pl022,186,19.0
sub-pl022,187,11.0
sub-pl022,188,10.0
sub-pl022,189,11.0
sub-pl022,190,10.0
sub-pl022,191,10.0
sub-pl022,192,11.0
sub-pl022,193,9.0
sub-pl022,194,12.0
sub-pl022,195,16.0
sub-pl022,196,16.0
sub-pl022,197,17.0
sub-pl022,198,16.0
sub-pl022,199,15.0
sub-pl022,200,20.0
sub-pl022,201,20.0
sub-pl022,202,17.0
sub-pl022,203,14.0
sub-pl022,204,15.0
sub-pl022,205,14.0
sub-pl022,206,14.0
sub-pl022,207,17.0
sub-pl022,208,21.0
sub-pl022,209,20.0
sub-pl022,210,70.0
sub-pl022,211,45.0
sub-pl022,212,65.0
sub-pl022,213,13.0
sub-pl022,214,76.0
sub-pl022,215,14.0
sub-pl022,216,10.0
sub-pl022,217,7.0
sub-pl022,218,58.0
sub-pl022,219,40.0
sub-pl022,220,66.0
sub-pl022,221,11.0
sub-pl022,222,14.0
sub-pl022,223,3.0
sub-pl022,224,5.0
sub-pl023,0,24.0
sub-pl023,1,31.0
sub-pl023,2,29.0
sub-pl023,3,20.0
sub-pl023,4,29.0
sub-pl023,5,28.0
sub-pl023,6,25.0
sub-pl023,7,21.0
sub-pl023,8,32.0
sub-pl023,9,26.0
sub-pl023,10,26.0
sub-pl023,11,30.0
sub-pl023,12,27.0
sub-pl023,13,27.0
sub-pl023,14,31.0
sub-pl023,15,27.0
sub-pl023,16,29.0
sub-pl023,17,20.0
sub-pl023,18,25.0
sub-pl023,19,25.0
sub-pl023,20,28.0
sub-pl023,21,29.0
sub-pl023,22,28.0
sub-pl023,23,26.0
sub-pl023,24,25.0
sub-pl023,25,27.0
sub-pl023,26,23.0
sub-pl023,27,23.0
sub-pl023,28,13.0
sub-pl023,29,15.0
sub-pl023,30,15.0
sub-pl023,31,12.0
sub-pl023,32,12.0
sub-pl023,33,16.0
sub-pl023,34,17.0
sub-pl023,35,17.0
sub-pl023,36,29.0
sub-pl023,37,29.0
sub-pl023,38,12.0
sub-pl023,39,11.0
sub-pl023,40,18.0
sub-pl023,41,17.0
sub-pl023,42,18.0
sub-pl023,43,16.0
sub-pl023,44,23.0
sub-pl023,45,23.0
sub-pl023,46,16.0
sub-pl023,47,19.0
sub-pl023,48,25.0
sub-pl023,49,15.0
sub-pl023,50,19.0
sub-pl023,51,18.0
sub-pl023,52,28.0
sub-pl023,53,20.0
sub-pl023,54,27.0
sub-pl023,55,33.0
sub-pl023,56,22.0
sub-pl023,57,24.0
sub-pl023,58,23.0
sub-pl023,59,20.0
sub-pl023,60,16.0
sub-pl023,61,20.0
sub-pl023,62,23.0
sub-pl023,63,23.0
sub-pl023,64,13.0
sub-pl023,65,16.0
sub-pl023,66,15.0
sub-pl023,67,17.0
sub-pl023,68,13.0
sub-pl023,69,11.0
sub-pl023,70,15.0
sub-pl023,71,9.0
sub-pl023,72,15.0
sub-pl023,73,14.0
sub-pl023,74,15.0
sub-pl023,75,13.0
sub-pl023,76,11.0
sub-pl023,77,15.0
sub-pl023,78,16.0
sub-pl023,79,9.0
sub-pl023,80,14.0
sub-pl023,81,16.0
sub-pl023,82,17.0
sub-pl023,83,16.0
sub-pl023,84,14.0
sub-pl023,85,14.0
sub-pl023,86,21.0
sub-pl023,87,20.0
sub-pl023,88,6.0
sub-pl023,89,5.0
sub-pl023,90,6.0
sub-pl023,91,4.0
sub-pl023,92,16.0
sub-pl023,93,12.0
sub-pl023,94,13.0
sub-pl023,95,15.0
sub-pl023,96,14.0
sub-pl023,97,8.0
sub-pl023,98,12.0
sub-pl023,99,10.0
sub-pl023,100,11.0
sub-pl023,101,12.0
sub-pl023,102,20.0
sub-pl023,103,17.0
sub-pl023,104,14.0
sub-pl023,105,12.0
sub-pl023,106,15.0
sub-pl023,107,15.0
sub-pl023,108,6.0
sub-pl023,109,3.0
sub-pl023,110,6.0
sub-pl023,111,4.0
sub-pl023,112,7.0
sub-pl023,113,7.0
sub-pl023,114,2.0
sub-pl023,115,0.0
sub-pl023,116,0.0
sub-pl023,117,0.0
sub-pl023,118,7.0
sub-pl023,119,8.0
sub-pl023,120,12.0
sub-pl023,121,11.0
sub-pl023,122,11.0
sub-pl023,123,11.0
sub-pl023,124,10.0
sub-pl023,125,16.0
sub-pl023,126,18.0
sub-pl023,127,17.0
sub-pl023,128,18.0
sub-pl023,129,12.0
sub-pl023,130,20.0
sub-pl023,131,19.0
sub-pl023,132,12.0
sub-pl023,133,11.0
sub-pl023,134,21.0
sub-pl023,135,27.0
sub-pl023,136,26.0
sub-pl023,137,23.0
sub-pl023,138,18.0
sub-pl023,139,24.0
sub-pl023,140,25.0
sub-pl023,141,32.0
sub-pl023,142,32.0
sub-pl023,143,22.0
sub-pl023,144,26.0
sub-pl023,145,29.0
sub-pl023,146,14.0
sub-pl023,147,14.0
sub-pl023,148,20.0
sub-pl023,149,19.0
sub-pl023,150,27.0
sub-pl023,151,28.0
sub-pl023,152,10.0
sub-pl023,153,15.0
sub-pl023,154,20.0
sub-pl023,155,21.0
sub-pl023,156,17.0
sub-pl023,157,14.0
sub-pl023,158,16.0
sub-pl023,159,19.0
sub-pl023,160,24.0
sub-pl023,161,16.0
sub-pl023,162,21.0
sub-pl023,163,19.0
sub-pl023,164,15.0
sub-pl023,165,14.0
sub-pl023,166,16.0
sub-pl023,167,15.0
sub-pl023,168,32.0
sub-pl023,169,29.0
sub-pl023,170,19.0
sub-pl023,171,17.0
sub-pl023,172,28.0
sub-pl023,173,22.0
sub-pl023,174,14.0
sub-pl023,175,15.0
sub-pl023,176,30.0
sub-pl023,177,47.0
sub-pl023,178,21.0
sub-pl023,179,9.0
sub-pl023,180,45.0
sub-pl023,181,43.0
sub-pl023,182,17.0
sub-pl023,183,9.0
sub-pl023,184,20.0
sub-pl023,185,16.0
sub-pl023,186,19.0
sub-pl023,187,11.0
sub-pl023,188,10.0
sub-pl023,189,11.0
sub-pl023,190,10.0
sub-pl023,191,10.0
sub-pl023,192,11.0
sub-pl023,193,10.0
sub-pl023,194,13.0
sub-pl023,195,15.0
sub-pl023,196,17.0
sub-pl023,197,15.0
sub-pl023,198,15.0
sub-pl023,199,14.0
sub-pl023,200,20.0
sub-pl023,201,21.0
sub-pl023,202,16.0
sub-pl023,203,14.0
sub-pl023,204,14.0
sub-pl023,205,15.0
sub-pl023,206,14.0
sub-pl023,207,17.0
sub-pl023,208,21.0
sub-pl023,209,20.0
sub-pl023,210,62.0
sub-pl023,211,43.0
sub-pl023,212,65.0
sub-pl023,213,14.0
sub-pl023,214,72.0
sub-pl023,215,14.0
sub-pl023,216,10.0
sub-pl023,217,6.0
sub-pl023,218,62.0
sub-pl023,219,41.0
sub-pl023,220,67.0
sub-pl023,221,11.0
sub-pl023,222,14.0
sub-pl023,223,4.0
sub-pl023,224,5.0
sub-pl024,0,23.0
sub-pl024,1,32.0
sub-pl024,2,29.0
sub-pl024,3,20.0
sub-pl024,4,31.0
sub-pl024,5,27.0
sub-pl024,6,25.0
sub-pl024,7,20.0
sub-pl024,8,32.0
sub-pl024,9,26.0
sub-pl024,10,24.0
sub-pl024,11,29.0
sub-pl024,12,28.0
sub-pl024,13,27.0
sub-pl024,14,31.0
sub-pl024,15,27.0
sub-pl024,16,29.0
sub-pl024,17,20.0
sub-pl024,18,24.0
sub-pl024,19,25.0
sub-pl024,20,31.0
sub-pl024,21,29.0
sub-pl024,22,27.0
sub-pl024,23,26.0
sub-pl024,24,26.0
sub-pl024,25,28.0
sub-pl024,26,23.0
sub-pl024,27,25.0
sub-pl024,28,13.0
sub-pl024,29,16.0
sub-pl024,30,16.0
sub-pl024,31,12.0
sub-pl024,32,11.0
sub-pl024,33,16.0
sub-pl024,34,17.0
sub-pl024,35,17.0
sub-pl024,36,28.0
sub-pl024,37,29.0
sub-pl024,38,12.0
sub-pl024,39,11.0
sub-pl024,40,20.0
sub-pl024,41,15.0
sub-pl024,42,17.0
sub-pl024,43,17.0
sub-pl024,44,22.0
sub-pl024,45,23.0
sub-pl024,46,18.0
sub-pl024,47,18.0
sub-pl024,48,25.0
sub-pl024,49,15.0
sub-pl024,50,19.0
sub-pl024,51,18.0
sub-pl024,52,26.0
sub-pl024,53,19.0
sub-pl024,54,27.0
sub-pl024,55,31.0
sub-pl024,56,22.0
sub-pl024,57,25.0
sub-pl024,58,23.0
sub-pl024,59,17.0
sub-pl024,60,16.0
sub-pl024,61,19.0
sub-pl024,62,23.0
sub-pl024,63,23.0
sub-pl024,64,14.0
sub-pl024,65,16.0
sub-pl024,66,16.0
sub-pl024,67,17.0
sub-pl024,68,13.0
sub-pl024,69,11.0
sub-pl024,70,15.0
sub-pl024,71,8.0
sub-pl024,72,15.0
sub-pl024,73,14.0
sub-pl024,74,16.0
sub-pl024,75,13.0
sub-pl024,76,11.0
sub-pl024,77,15.0
sub-pl024,78,16.0
sub-pl024,79,8.0
sub-pl024,80,14.0
sub-pl024,81,16.0
sub-pl024,82,17.0
sub-pl024,83,16.0
sub-pl024,84,14.0
sub-pl024,85,14.0
sub-pl024,86,21.0
sub-pl024,87,20.0
sub-pl024,88,6.0
sub-pl024,89,5.0
sub-pl024,90,6.0
sub-pl024,91,4.0
sub-pl024,92,17.0
sub-pl024,93,12.0
sub-pl024,94,13.0
sub-pl024,95,16.0
sub-pl024,96,13.0
sub-pl024,97,8.0
sub-pl024,98,13.0
sub-pl024,99,10.0
sub-pl024,100,11.0
sub-pl024,101,12.0
sub-pl024,102,20.0
sub-pl024,103,17.0
sub-pl024,104,15.0
sub-pl024,105,12.0
sub-pl024,106,15.0
sub-pl024,107,15.0
sub-pl024,108,6.0
sub-pl024,109,3.0
sub-pl024,110,6.0
sub-pl024,111,4.0
sub-pl024,112,7.0
sub-pl024,113,7.0
sub-pl024,114,2.0
sub-pl024,115,0.0
sub-pl024,116,0.0
sub-pl024,117,0.0
sub-pl024,118,7.0
sub-pl024,119,8.0
sub-pl024,120,12.0
sub-pl024,121,11.0
sub-pl024,122,11.0
sub-pl024,123,10.0
sub-pl024,124,11.0
sub-pl024,125,16.0
sub-pl024,126,17.0
sub-pl024,127,17.0
sub-pl024,128,19.0
sub-pl024,129,12.0
sub-pl024,130,20.0
sub-pl024,131,18.0
sub-pl024,132,12.0
sub-pl024,133,11.0
sub-pl024,134,20.0
sub-pl024,135,27.0
sub-pl024,136,26.0
sub-pl024,137,23.0
sub-pl024,138,18.0
sub-pl024,139,25.0
sub-pl024,140,25.0
sub-pl024,141,30.0
sub-pl024,142,32.0
sub-pl024,143,21.0
sub-pl024,144,26.0
sub-pl024,145,29.0
sub-pl024,146,14.0
sub-pl024,147,13.0
sub-pl024,148,19.0
sub-pl024,149,19.0
sub-pl024,150,27.0
sub-pl024,151,28.0
sub-pl024,152,11.0
sub-pl024,153,15.0
sub-pl024,154,20.0
sub-pl024,155,22.0
sub-pl024,156,16.0
sub-pl024,157,14.0
sub-pl024,158,16.0
sub-pl024,159,17.0
sub-pl024,160,23.0
sub-pl024,161,16.0
sub-pl024,162,21.0
sub-pl024,163,18.0
sub-pl024,164,15.0
sub-pl024,165,14.0
sub-pl024,166,17.0
sub-pl024,167,16.0
sub-pl024,168,33.0
sub-pl024,169,29.0
sub-pl024,170,18.0
sub-pl024,171,16.0
sub-pl024,172,27.0
sub-pl024,173,21.0
sub-pl024,174,16.0
sub-pl024,175,15.0
sub-pl024,176,31.0
sub-pl024,177,48.0
sub-pl024,178,21.0
sub-pl024,179,9.0
sub-pl024,180,45.0
sub-pl024,181,41.0
sub-pl024,182,17.0
sub-pl024,183,9.0
sub-pl024,184,20.0
sub-pl024,185,16.0
sub-pl024,186,19.0
sub-pl024,187,11.0
sub-pl024,188,10.0
sub-pl024,189,10.0
sub-pl024,190,10.0
sub-pl024,191,10.0
sub-pl024,192,10.0
sub-pl024,193,10.0
sub-pl024,194,13.0
sub-pl024,195,16.0
sub-pl024,196,17.0
sub-pl024,197,17.0
sub-pl024,198,16.0
sub-pl024,199,15.0
sub-pl024,200,19.0
sub-pl024,201,21.0
sub-pl024,202,17.0
sub-pl024,203,14.0
sub-pl024,204,14.0
sub-pl024,205,15.0
sub-pl024,206,13.0
sub-pl024,207,16.0
sub-pl024,208,20.0
sub-pl024,209,20.0
sub-pl024,210,67.0
sub-pl024,211,44.0
sub-pl024,212,64.0
sub-pl024,213,14.0
sub-pl024,214,76.0
sub-pl024,215,15.0
sub-pl024,216,11.0
sub-pl024,217,7.0
sub-pl024,218,61.0
sub-pl024,219,41.0
sub-pl024,220,66.0
sub-pl024,221,11.0
sub-pl024,222,14.0
sub-pl024,223,4.0
sub-pl024,224,4.0
sub-pl025,0,24.0
sub-pl025,1,31.0
sub-pl025,2,29.0
sub-pl025,3,17.0
sub-pl025,4,31.0
sub-pl025,5,27.0
sub-pl025,6,24.0
sub-pl025,7,19.0
sub-pl025,8,32.0
sub-pl025,9,25.0
sub-pl025,10,25.0
sub-pl025,11,30.0
sub-pl025,12,28.0
sub-pl025,13,27.0
sub-pl025,14,31.0
sub-pl025,15,27.0
sub-pl025,16,29.0
sub-pl025,17,20.0
sub-pl025,18,25.0
sub-pl025,19,26.0
sub-pl025,20,31.0
sub-pl025,21,29.0
sub-pl025,22,27.0
sub-pl025,23,26.0
sub-pl025,24,25.0
sub-pl025,25,26.0
sub-pl025,26,23.0
sub-pl025,27,24.0
sub-pl025,28,10.0
sub-pl025,29,15.0
sub-pl025,30,15.0
sub-pl025,31,12.0
sub-pl025,32,12.0
sub-pl025,33,16.0
sub-pl025,34,17.0
sub-pl025,35,16.0
sub-pl025,36,26.0
sub-pl025,37,29.0
sub-pl025,38,12.0
sub-pl025,39,10.0
sub-pl025,40,20.0
sub-pl025,41,17.0
sub-pl025,42,18.0
sub-pl025,43,17.0
sub-pl025,44,24.0
sub-pl025,45,22.0
sub-pl025,46,17.0
sub-pl025,47,19.0
sub-pl025,48,24.0
sub-pl025,49,15.0
sub-pl025,50,19.0
sub-pl025,51,18.0
sub-pl025,52,27.0
sub-pl025,53,20.0
sub-pl025,54,24.0
sub-pl025,55,32.0
sub-pl025,56,22.0
sub-pl025,57,25.0
sub-pl025,58,22.0
sub-pl025,59,20.0
sub-pl025,60,15.0
sub-pl025,61,18.0
sub-pl025,62,22.0
sub-pl025,63,23.0
sub-pl025,64,13.0
sub-pl025,65,16.0
sub-pl025,66,16.0
sub-pl025,67,17.0
sub-pl025,68,13.0
sub-pl025,69,11.0
sub-pl025,70,15.0
sub-pl025,71,9.0
sub-pl025,72,15.0
sub-pl025,73,14.0
sub-pl025,74,16.0
sub-pl025,75,13.0
sub-pl025,76,11.0
sub-pl025,77,15.0
sub-pl025,78,16.0
sub-pl025,79,9.0
sub-pl025,80,14.0
sub-pl025,81,16.0
sub-pl025,82,17.0
sub-pl025,83,16.0
sub-pl025,84,14.0
sub-pl025,85,14.0
sub-pl025,86,21.0
sub-pl025,87,20.0
sub-pl025,88,6.0
sub-pl025,89,5.0
sub-pl025,90,6.0
sub-pl025,91,4.0
sub-pl025,92,17.0
sub-pl025,93,11.0
sub-pl025,94,13.0
sub-pl025,95,15.0
sub-pl025,96,14.0
sub-pl025,97,8.0
sub-pl025,98,13.0
sub-pl025,99,10.0
sub-pl025,100,11.0
sub-pl025,101,12.0
sub-pl025,102,20.0
sub-pl025,103,17.0
sub-pl025,104,15.0
sub-pl025,105,12.0
sub-pl025,106,15.0
sub-pl025,107,14.0
sub-pl025,108,6.0
sub-pl025,109,3.0
sub-pl025,110,6.0
sub-pl025,111,4.0
sub-pl025,112,7.0
sub-pl025,113,7.0
sub-pl025,114,2.0
sub-pl025,115,0.0
sub-pl025,116,0.0
sub-pl025,117,0.0
sub-pl025,118,7.0
sub-pl025,119,8.0
sub-pl025,120,12.0
sub-pl025,121,11.0
sub-pl025,122,11.0
sub-pl025,123,11.0
sub-pl025,124,11.0
sub-pl025,125,15.0
sub-pl025,126,14.0
sub-pl025,127,16.0
sub-pl025,128,18.0
sub-pl025,129,11.0
sub-pl025,130,19.0
sub-pl025,131,18.0
sub-pl025,132,12.0
sub-pl025,133,11.0
sub-pl025,134,19.0
sub-pl025,135,27.0
sub-pl025,136,25.0
sub-pl025,137,24.0
sub-pl025,138,19.0
sub-pl025,139,24.0
sub-pl025,140,25.0
sub-pl025,141,32.0
sub-pl025,142,29.0
sub-pl025,143,22.0
sub-pl025,144,26.0
sub-pl025,145,29.0
sub-pl025,146,13.0
sub-pl025,147,14.0
sub-pl025,148,20.0
sub-pl025,149,19.0
sub-pl025,150,28.0
sub-pl025,151,28.0
sub-pl025,152,11.0
sub-pl025,153,15.0
sub-pl025,154,19.0
sub-pl025,155,22.0
sub-pl025,156,17.0
sub-pl025,157,14.0
sub-pl025,158,16.0
sub-pl025,159,19.0
sub-pl025,160,24.0
sub-pl025,161,16.0
sub-pl025,162,21.0
sub-pl025,163,19.0
sub-pl025,164,15.0
sub-pl025,165,14.0
sub-pl025,166,17.0
sub-pl025,167,15.0
sub-pl025,168,33.0
sub-pl025,169,28.0
sub-pl025,170,19.0
sub-pl025,171,17.0
sub-pl025,172,28.0
sub-pl025,173,22.0
sub-pl025,174,16.0
sub-pl025,175,15.0
sub-pl025,176,31.0
sub-pl025,177,48.0
sub-pl025,178,21.0
sub-pl025,179,9.0
sub-pl025,180,45.0
sub-pl025,181,42.0
sub-pl025,182,17.0
sub-pl025,183,9.0
sub-pl025,184,20.0
sub-pl025,185,16.0
sub-pl025,186,18.0
sub-pl025,187,10.0
sub-pl025,188,10.0
sub-pl025,189,11.0
sub-pl025,190,10.0
sub-pl025,191,9.0
sub-pl025,192,12.0
sub-pl025,193,10.0
sub-pl025,194,13.0
sub-pl025,195,16.0
sub-pl025,196,16.0
sub-pl025,197,17.0
sub-pl025,198,15.0
sub-pl025,199,14.0
sub-pl025,200,20.0
sub-pl025,201,21.0
sub-pl025,202,17.0
sub-pl025,203,14.0
sub-pl025,204,15.0
sub-pl025,205,15.0
sub-pl025,206,13.0
sub-pl025,207,17.0
sub-pl025,208,19.0
sub-pl025,209,20.0
sub-pl025,210,70.0
sub-pl025,211,45.0
sub-pl025,212,64.0
sub-pl025,213,11.0
sub-pl025,214,74.0
sub-pl025,215,15.0
sub-pl025,216,10.0
sub-pl025,217,6.0
sub-pl025,218,62.0
sub-pl025,219,41.0
sub-pl025,220,66.0
sub-pl025,221,11.0
sub-pl025,222,14.0
sub-pl025,223,4.0
sub-pl025,224,5.0
sub-pl029,0,24.0
sub-pl029,1,32.0
sub-pl029,2,29.0
sub-pl029,3,20.0
sub-pl029,4,31.0
sub-pl029,5,29.0
sub-pl029,6,24.0
sub-pl029,7,21.0
sub-pl029,8,32.0
sub-pl029,9,26.0
sub-pl029,10,26.0
sub-pl029,11,30.0
sub-pl029,12,28.0
sub-pl029,13,27.0
sub-pl029,14,31.0
sub-pl029,15,27.0
sub-pl029,16,29.0
sub-pl029,17,20.0
sub-pl029,18,25.0
sub-pl029,19,26.0
sub-pl029,20,31.0
sub-pl029,21,29.0
sub-pl029,22,27.0
sub-pl029,23,25.0
sub-pl029,24,26.0
sub-pl029,25,28.0
sub-pl029,26,23.0
sub-pl029,27,24.0
sub-pl029,28,13.0
sub-pl029,29,16.0
sub-pl029,30,16.0
sub-pl029,31,12.0
sub-pl029,32,12.0
sub-pl029,33,15.0
sub-pl029,34,17.0
sub-pl029,35,17.0
sub-pl029,36,28.0
sub-pl029,37,29.0
sub-pl029,38,11.0
sub-pl029,39,11.0
sub-pl029,40,20.0
sub-pl029,41,16.0
sub-pl029,42,18.0
sub-pl029,43,17.0
sub-pl029,44,23.0
sub-pl029,45,23.0
sub-pl029,46,18.0
sub-pl029,47,19.0
sub-pl029,48,25.0
sub-pl029,49,15.0
sub-pl029,50,19.0
sub-pl029,51,18.0
sub-pl029,52,27.0
sub-pl029,53,19.0
sub-pl029,54,25.0
sub-pl029,55,33.0
sub-pl029,56,22.0
sub-pl029,57,25.0
sub-pl029,58,23.0
sub-pl029,59,20.0
sub-pl029,60,16.0
sub-pl029,61,20.0
sub-pl029,62,23.0
sub-pl029,63,23.0
sub-pl029,64,14.0
sub-pl029,65,16.0
sub-pl029,66,14.0
sub-pl029,67,17.0
sub-pl029,68,13.0
sub-pl029,69,11.0
sub-pl029,70,15.0
sub-pl029,71,9.0
sub-pl029,72,15.0
sub-pl029,73,14.0
sub-pl029,74,15.0
sub-pl029,75,13.0
sub-pl029,76,11.0
sub-pl029,77,15.0
sub-pl029,78,16.0
sub-pl029,79,9.0
sub-pl029,80,13.0
sub-pl029,81,16.0
sub-pl029,82,17.0
sub-pl029,83,16.0
sub-pl029,84,14.0
sub-pl029,85,14.0
sub-pl029,86,21.0
sub-pl029,87,20.0
sub-pl029,88,6.0
sub-pl029,89,5.0
sub-pl029,90,7.0
sub-pl029,91,4.0
sub-pl029,92,17.0
sub-pl029,93,10.0
sub-pl029,94,13.0
sub-pl029,95,16.0
sub-pl029,96,14.0
sub-pl029,97,8.0
sub-pl029,98,13.0
sub-pl029,99,10.0
sub-pl029,100,11.0
sub-pl029,101,12.0
sub-pl029,102,20.0
sub-pl029,103,17.0
sub-pl029,104,15.0
sub-pl029,105,12.0
sub-pl029,106,15.0
sub-pl029,107,15.0
sub-pl029,108,6.0
sub-pl029,109,3.0
sub-pl029,110,6.0
sub-pl029,111,4.0
sub-pl029,112,7.0
sub-pl029,113,7.0
sub-pl029,114,2.0
sub-pl029,115,0.0
sub-pl029,116,0.0
sub-pl029,117,0.0
sub-pl029,118,7.0
sub-pl029,119,8.0
sub-pl029,120,12.0
sub-pl029,121,11.0
sub-pl029,122,11.0
sub-pl029,123,11.0
sub-pl029,124,10.0
sub-pl029,125,16.0
sub-pl029,126,18.0
sub-pl029,127,17.0
sub-pl029,128,19.0
sub-pl029,129,12.0
sub-pl029,130,20.0
sub-pl029,131,19.0
sub-pl029,132,12.0
sub-pl029,133,11.0
sub-pl029,134,21.0
sub-pl029,135,26.0
sub-pl029,136,24.0
sub-pl029,137,24.0
sub-pl029,138,19.0
sub-pl029,139,25.0
sub-pl029,140,25.0
sub-pl029,141,32.0
sub-pl029,142,32.0
sub-pl029,143,22.0
sub-pl029,144,26.0
sub-pl029,145,29.0
sub-pl029,146,14.0
sub-pl029,147,14.0
sub-pl029,148,21.0
sub-pl029,149,18.0
sub-pl029,150,27.0
sub-pl029,151,27.0
sub-pl029,152,11.0
sub-pl029,153,15.0
sub-pl029,154,20.0
sub-pl029,155,22.0
sub-pl029,156,17.0
sub-pl029,157,14.0
sub-pl029,158,14.0
sub-pl029,159,19.0
sub-pl029,160,23.0
sub-pl029,161,16.0
sub-pl029,162,21.0
sub-pl029,163,19.0
sub-pl029,164,15.0
sub-pl029,165,14.0
sub-pl029,166,17.0
sub-pl029,167,16.0
sub-pl029,168,33.0
sub-pl029,169,29.0
sub-pl029,170,19.0
sub-pl029,171,17.0
sub-pl029,172,28.0
sub-pl029,173,22.0
sub-pl029,174,16.0
sub-pl029,175,15.0
sub-pl029,176,30.0
sub-pl029,177,48.0
sub-pl029,178,20.0
sub-pl029,179,9.0
sub-pl029,180,46.0
sub-pl029,181,43.0
sub-pl029,182,17.0
sub-pl029,183,9.0
sub-pl029,184,20.0
sub-pl029,185,16.0
sub-pl029,186,19.0
sub-pl029,187,11.0
sub-pl029,188,10.0
sub-pl029,189,11.0
sub-pl029,190,10.0
sub-pl029,191,10.0
sub-pl029,192,12.0
sub-pl029,193,10.0
sub-pl029,194,13.0
sub-pl029,195,16.0
sub-pl029,196,17.0
sub-pl029,197,17.0
sub-pl029,198,17.0
sub-pl029,199,15.0
sub-pl029,200,19.0
sub-pl029,201,21.0
sub-pl029,202,17.0
sub-pl029,203,14.0
sub-pl029,204,15.0
sub-pl029,205,15.0
sub-pl029,206,14.0
sub-pl029,207,17.0
sub-pl029,208,20.0
sub-pl029,209,20.0
sub-pl029,210,69.0
sub-pl029,211,45.0
sub-pl029,212,63.0
sub-pl029,213,14.0
sub-pl029,214,76.0
sub-pl029,215,14.0
sub-pl029,216,11.0
sub-pl029,217,7.0
sub-pl029,218,61.0
sub-pl029,219,40.0
sub-pl029,220,63.0
sub-pl029,221,11.0
sub-pl029,222,10.0
sub-pl029,223,4.0
sub-pl029,224,5.0
sub-pl040,0,24.0
sub-pl040,1,32.0
sub-pl040,2,29.0
sub-pl040,3,19.0
sub-pl040,4,31.0
sub-pl040,5,28.0
sub-pl040,6,25.0
sub-pl040,7,21.0
sub-pl040,8,32.0
sub-pl040,9,26.0
sub-pl040,10,26.0
sub-pl040,11,29.0
sub-pl040,12,28.0
sub-pl040,13,27.0
sub-pl040,14,31.0
sub-pl040,15,27.0
sub-pl040,16,29.0
sub-pl040,17,20.0
sub-pl040,18,25.0
sub-pl040,19,26.0
sub-pl040,20,31.0
sub-pl040,21,29.0
sub-pl040,22,28.0
sub-pl040,23,26.0
sub-pl040,24,26.0
sub-pl040,25,28.0
sub-pl040,26,23.0
sub-pl040,27,25.0
sub-pl040,28,13.0
sub-pl040,29,16.0
sub-pl040,30,16.0
sub-pl040,31,12.0
sub-pl040,32,12.0
sub-pl040,33,16.0
sub-pl040,34,17.0
sub-pl040,35,17.0
sub-pl040,36,29.0
sub-pl040,37,29.0
sub-pl040,38,12.0
sub-pl040,39,11.0
sub-pl040,40,20.0
sub-pl040,41,17.0
sub-pl040,42,18.0
sub-pl040,43,17.0
sub-pl040,44,23.0
sub-pl040,45,23.0
sub-pl040,46,18.0
sub-pl040,47,19.0
sub-pl040,48,25.0
sub-pl040,49,15.0
sub-pl040,50,19.0
sub-pl040,51,18.0
sub-pl040,52,28.0
sub-pl040,53,20.0
sub-pl040,54,27.0
sub-pl040,55,33.0
sub-pl040,56,22.0
sub-pl040,57,25.0
sub-pl040,58,23.0
sub-pl040,59,20.0
sub-pl040,60,16.0
sub-pl040,61,20.0
sub-pl040,62,23.0
sub-pl040,63,23.0
sub-pl040,64,14.0
sub-pl040,65,16.0
sub-pl040,66,16.0
sub-pl040,67,17.0
sub-pl040,68,13.0
sub-pl040,69,11.0
sub-pl040,70,15.0
sub-pl040,71,9.0
sub-pl040,72,15.0
sub-pl040,73,13.0
sub-pl040,74,16.0
sub-pl040,75,13.0
sub-pl040,76,11.0
sub-pl040,77,15.0
sub-pl040,78,16.0
sub-pl040,79,9.0
sub-pl040,80,14.0
sub-pl040,81,16.0
sub-pl040,82,17.0
sub-pl040,83,16.0
sub-pl040,84,14.0
sub-pl040,85,14.0
sub-pl040,86,21.0
sub-pl040,87,20.0
sub-pl040,88,6.0
sub-pl040,89,5.0
sub-pl040,90,7.0
sub-pl040,91,4.0
sub-pl040,92,16.0
sub-pl040,93,12.0
sub-pl040,94,13.0
sub-pl040,95,16.0
sub-pl040,96,14.0
sub-pl040,97,8.0
sub-pl040,98,13.0
sub-pl040,99,10.0
sub-pl040,100,11.0
sub-pl040,101,12.0
sub-pl040,102,18.0
sub-pl040,103,17.0
sub-pl040,104,14.0
sub-pl040,105,11.0
sub-pl040,106,15.0
sub-pl040,107,15.0
sub-pl040,108,6.0
sub-pl040,109,3.0
sub-pl040,110,6.0
sub-pl040,111,4.0
sub-pl040,112,7.0
sub-pl040,113,7.0
sub-pl040,114,2.0
sub-pl040,115,0.0
sub-pl040,116,0.0
sub-pl040,117,0.0
sub-pl040,118,7.0
sub-pl040,119,8.0
sub-pl040,120,12.0
sub-pl040,121,11.0
sub-pl040,122,11.0
sub-pl040,123,11.0
sub-pl040,124,11.0
sub-pl040,125,16.0
sub-pl040,126,15.0
sub-pl040,127,16.0
sub-pl040,128,19.0
sub-pl040,129,12.0
sub-pl040,130,20.0
sub-pl040,131,19.0
sub-pl040,132,12.0
sub-pl040,133,11.0
sub-pl040,134,21.0
sub-pl040,135,27.0
sub-pl040,136,26.0
sub-pl040,137,24.0
sub-pl040,138,18.0
sub-pl040,139,25.0
sub-pl040,140,25.0
sub-pl040,141,32.0
sub-pl040,142,32.0
sub-pl040,143,22.0
sub-pl040,144,27.0
sub-pl040,145,29.0
sub-pl040,146,14.0
sub-pl040,147,14.0
sub-pl040,148,21.0
sub-pl040,149,19.0
sub-pl040,150,27.0
sub-pl040,151,28.0
sub-pl040,152,10.0
sub-pl040,153,15.0
sub-pl040,154,20.0
sub-pl040,155,22.0
sub-pl040,156,17.0
sub-pl040,157,14.0
sub-pl040,158,16.0
sub-pl040,159,19.0
sub-pl040,160,23.0
sub-pl040,161,16.0
sub-pl040,162,20.0
sub-pl040,163,19.0
sub-pl040,164,15.0
sub-pl040,165,14.0
sub-pl040,166,17.0
sub-pl040,167,16.0
sub-pl040,168,32.0
sub-pl040,169,28.0
sub-pl040,170,19.0
sub-pl040,171,17.0
sub-pl040,172,26.0
sub-pl040,173,22.0
sub-pl040,174,15.0
sub-pl040,175,15.0
sub-pl040,176,31.0
sub-pl040,177,48.0
sub-pl040,178,21.0
sub-pl040,179,8.0
sub-pl040,180,45.0
sub-pl040,181,43.0
sub-pl040,182,17.0
sub-pl040,183,9.0
sub-pl040,184,20.0
sub-pl040,185,16.0
sub-pl040,186,19.0
sub-pl040,187,11.0
sub-pl040,188,10.0
sub-pl040,189,11.0
sub-pl040,190,10.0
sub-pl040,191,9.0
sub-pl040,192,12.0
sub-pl040,193,10.0
sub-pl040,194,13.0
sub-pl040,195,16.0
sub-pl040,196,15.0
sub-pl040,197,16.0
sub-pl040,198,17.0
sub-pl040,199,15.0
sub-pl040,200,19.0
sub-pl040,201,21.0
sub-pl040,202,17.0
sub-pl040,203,14.0
sub-pl040,204,15.0
sub-pl040,205,14.0
sub-pl040,206,13.0
sub-pl040,207,16.0
sub-pl040,208,20.0
sub-pl040,209,20.0
sub-pl040,210,69.0
sub-pl040,211,45.0
sub-pl040,212,65.0
sub-pl040,213,14.0
sub-pl040,214,76.0
sub-pl040,215,15.0
sub-pl040,216,9.0
sub-pl040,217,7.0
sub-pl040,218,62.0
sub-pl040,219,41.0
sub-pl040,220,67.0
sub-pl040,221,11.0
sub-pl040,222,14.0
sub-pl040,223,4.0
sub-pl040,224,5.0
sub-pl041,0,24.0
sub-pl041,1,32.0
sub-pl041,2,27.0
sub-pl041,3,20.0
sub-pl041,4,31.0
sub-pl041,5,29.0
sub-pl041,6,24.0
sub-pl041,7,21.0
sub-pl041,8,31.0
sub-pl041,9,25.0
sub-pl041,10,26.0
sub-pl041,11,30.0
sub-pl041,12,28.0
sub-pl041,13,27.0
sub-pl041,14,30.0
sub-pl041,15,27.0
sub-pl041,16,28.0
sub-pl041,17,19.0
sub-pl041,18,24.0
sub-pl041,19,26.0
sub-pl041,20,30.0
sub-pl041,21,29.0
sub-pl041,22,28.0
sub-pl041,23,25.0
sub-pl041,24,26.0
sub-pl041,25,28.0
sub-pl041,26,21.0
sub-pl041,27,23.0
sub-pl041,28,12.0
sub-pl041,29,16.0
sub-pl041,30,16.0
sub-pl041,31,12.0
sub-pl041,32,12.0
sub-pl041,33,15.0
sub-pl041,34,16.0
sub-pl041,35,16.0
sub-pl041,36,29.0
sub-pl041,37,29.0
sub-pl041,38,12.0
sub-pl041,39,10.0
sub-pl041,40,19.0
sub-pl041,41,17.0
sub-pl041,42,18.0
sub-pl041,43,17.0
sub-pl041,44,24.0
sub-pl041,45,23.0
sub-pl041,46,18.0
sub-pl041,47,19.0
sub-pl041,48,25.0
sub-pl041,49,15.0
sub-pl041,50,18.0
sub-pl041,51,17.0
sub-pl041,52,27.0
sub-pl041,53,20.0
sub-pl041,54,27.0
sub-pl041,55,32.0
sub-pl041,56,22.0
sub-pl041,57,25.0
sub-pl041,58,23.0
sub-pl041,59,20.0
sub-pl041,60,16.0
sub-pl041,61,20.0
sub-pl041,62,22.0
sub-pl041,63,21.0
sub-pl041,64,14.0
sub-pl041,65,16.0
sub-pl041,66,14.0
sub-pl041,67,15.0
sub-pl041,68,12.0
sub-pl041,69,11.0
sub-pl041,70,14.0
sub-pl041,71,9.0
sub-pl041,72,15.0
sub-pl041,73,14.0
sub-pl041,74,16.0
sub-pl041,75,13.0
sub-pl041,76,11.0
sub-pl041,77,15.0
sub-pl041,78,16.0
sub-pl041,79,9.0
sub-pl041,80,14.0
sub-pl041,81,16.0
sub-pl041,82,17.0
sub-pl041,83,16.0
sub-pl041,84,14.0
sub-pl041,85,14.0
sub-pl041,86,21.0
sub-pl041,87,20.0
sub-pl041,88,6.0
sub-pl041,89,5.0
sub-pl041,90,7.0
sub-pl041,91,4.0
sub-pl041,92,16.0
sub-pl041,93,12.0
sub-pl041,94,12.0
sub-pl041,95,16.0
sub-pl041,96,14.0
sub-pl041,97,8.0
sub-pl041,98,13.0
sub-pl041,99,10.0
sub-pl041,100,11.0
sub-pl041,101,12.0
sub-pl041,102,19.0
sub-pl041,103,16.0
sub-pl041,104,15.0
sub-pl041,105,12.0
sub-pl041,106,15.0
sub-pl041,107,15.0
sub-pl041,108,6.0
sub-pl041,109,3.0
sub-pl041,110,6.0
sub-pl041,111,4.0
sub-pl041,112,7.0
sub-pl041,113,7.0
sub-pl041,114,2.0
sub-pl041,115,0.0
sub-pl041,116,0.0
sub-pl041,117,0.0
sub-pl041,118,7.0
sub-pl041,119,8.0
sub-pl041,120,12.0
sub-pl041,121,11.0
sub-pl041,122,10.0
sub-pl041,123,11.0
sub-pl041,124,11.0
sub-pl041,125,15.0
sub-pl041,126,18.0
sub-pl041,127,17.0
sub-pl041,128,19.0
sub-pl041,129,12.0
sub-pl041,130,20.0
sub-pl041,131,18.0
sub-pl041,132,12.0
sub-pl041,133,9.0
sub-pl041,134,20.0
sub-pl041,135,27.0
sub-pl041,136,24.0
sub-pl041,137,24.0
sub-pl041,138,19.0
sub-pl041,139,25.0
sub-pl041,140,25.0
sub-pl041,141,32.0
sub-pl041,142,32.0
sub-pl041,143,22.0
sub-pl041,144,27.0
sub-pl041,145,29.0
sub-pl041,146,12.0
sub-pl041,147,13.0
sub-pl041,148,20.0
sub-pl041,149,18.0
sub-pl041,150,28.0
sub-pl041,151,28.0
sub-pl041,152,11.0
sub-pl041,153,14.0
sub-pl041,154,20.0
sub-pl041,155,20.0
sub-pl041,156,17.0
sub-pl041,157,14.0
sub-pl041,158,16.0
sub-pl041,159,17.0
sub-pl041,160,23.0
sub-pl041,161,16.0
sub-pl041,162,21.0
sub-pl041,163,19.0
sub-pl041,164,15.0
sub-pl041,165,13.0
sub-pl041,166,16.0
sub-pl041,167,16.0
sub-pl041,168,33.0
sub-pl041,169,29.0
sub-pl041,170,19.0
sub-pl041,171,16.0
sub-pl041,172,28.0
sub-pl041,173,22.0
sub-pl041,174,15.0
sub-pl041,175,15.0
sub-pl041,176,31.0
sub-pl041,177,48.0
sub-pl041,178,20.0
sub-pl041,179,9.0
sub-pl041,180,46.0
sub-pl041,181,43.0
sub-pl041,182,17.0
sub-pl041,183,9.0
sub-pl041,184,20.0
sub-pl041,185,16.0
sub-pl041,186,18.0
sub-pl041,187,11.0
sub-pl041,188,10.0
sub-pl041,189,11.0
sub-pl041,190,10.0
sub-pl041,191,10.0
sub-pl041,192,12.0
sub-pl041,193,10.0
sub-pl041,194,13.0
sub-pl041,195,16.0
sub-pl041,196,16.0
sub-pl041,197,17.0
sub-pl041,198,17.0
sub-pl041,199,15.0
sub-pl041,200,20.0
sub-pl041,201,21.0
sub-pl041,202,17.0
sub-pl041,203,14.0
sub-pl041,204,15.0
sub-pl041,205,14.0
sub-pl041,206,14.0
sub-pl041,207,17.0
sub-pl041,208,21.0
sub-pl041,209,19.0
sub-pl041,210,69.0
sub-pl041,211,45.0
sub-pl041,212,65.0
sub-pl041,213,14.0
sub-pl041,214,73.0
sub-pl041,215,14.0
sub-pl041,216,11.0
sub-pl041,217,7.0
sub-pl041,218,61.0
sub-pl041,219,41.0
sub-pl041,220,66.0
sub-pl041,221,10.0
sub-pl041,222,14.0
sub-pl041,223,4.0
sub-pl041,224,5.0
sub-pl046,0,24.0
sub-pl046,1,32.0
sub-pl046,2,29.0
sub-pl046,3,20.0
sub-pl046,4,30.0
sub-pl046,5,29.0
sub-pl046,6,24.0
sub-pl046,7,20.0
sub-pl046,8,32.0
sub-pl046,9,26.0
sub-pl046,10,24.0
sub-pl046,11,28.0
sub-pl046,12,27.0
sub-pl046,13,25.0
sub-pl046,14,31.0
sub-pl046,15,27.0
sub-pl046,16,29.0
sub-pl046,17,20.0
sub-pl046,18,24.0
sub-pl046,19,25.0
sub-pl046,20,30.0
sub-pl046,21,27.0
sub-pl046,22,28.0
sub-pl046,23,26.0
sub-pl046,24,26.0
sub-pl046,25,27.0
sub-pl046,26,23.0
sub-pl046,27,25.0
sub-pl046,28,13.0
sub-pl046,29,16.0
sub-pl046,30,16.0
sub-pl046,31,11.0
sub-pl046,32,12.0
sub-pl046,33,16.0
sub-pl046,34,16.0
sub-pl046,35,17.0
sub-pl046,36,29.0
sub-pl046,37,29.0
sub-pl046,38,12.0
sub-pl046,39,11.0
sub-pl046,40,18.0
sub-pl046,41,17.0
sub-pl046,42,17.0
sub-pl046,43,17.0
sub-pl046,44,23.0
sub-pl046,45,23.0
sub-pl046,46,18.0
sub-pl046,47,19.0
sub-pl046,48,25.0
sub-pl046,49,15.0
sub-pl046,50,19.0
sub-pl046,51,18.0
sub-pl046,52,28.0
sub-pl046,53,20.0
sub-pl046,54,26.0
sub-pl046,55,33.0
sub-pl046,56,22.0
sub-pl046,57,25.0
sub-pl046,58,23.0
sub-pl046,59,20.0
sub-pl046,60,16.0
sub-pl046,61,20.0
sub-pl046,62,22.0
sub-pl046,63,23.0
sub-pl046,64,13.0
sub-pl046,65,16.0
sub-pl046,66,16.0
sub-pl046,67,17.0
sub-pl046,68,13.0
sub-pl046,69,9.0
sub-pl046,70,14.0
sub-pl046,71,9.0
sub-pl046,72,15.0
sub-pl046,73,14.0
sub-pl046,74,16.0
sub-pl046,75,13.0
sub-pl046,76,11.0
sub-pl046,77,15.0
sub-pl046,78,16.0
sub-pl046,79,9.0
sub-pl046,80,14.0
sub-pl046,81,14.0
sub-pl046,82,16.0
sub-pl046,83,15.0
sub-pl046,84,14.0
sub-pl046,85,14.0
sub-pl046,86,19.0
sub-pl046,87,20.0
sub-pl046,88,6.0
sub-pl046,89,4.0
sub-pl046,90,7.0
sub-pl046,91,4.0
sub-pl046,92,17.0
sub-pl046,93,11.0
sub-pl046,94,11.0
sub-pl046,95,15.0
sub-pl046,96,13.0
sub-pl046,97,7.0
sub-pl046,98,13.0
sub-pl046,99,10.0
sub-pl046,100,9.0
sub-pl046,101,12.0
sub-pl046,102,19.0
sub-pl046,103,16.0
sub-pl046,104,15.0
sub-pl046,105,12.0
sub-pl046,106,15.0
sub-pl046,107,14.0
sub-pl046,108,6.0
sub-pl046,109,3.0
sub-pl046,110,6.0
sub-pl046,111,4.0
sub-pl046,112,7.0
sub-pl046,113,7.0
sub-pl046,114,2.0
sub-pl046,115,0.0
sub-pl046,116,0.0
sub-pl046,117,0.0
sub-pl046,118,7.0
sub-pl046,119,8.0
sub-pl046,120,12.0
sub-pl046,121,11.0
sub-pl046,122,11.0
sub-pl046,123,11.0
sub-pl046,124,10.0
sub-pl046,125,16.0
sub-pl046,126,18.0
sub-pl046,127,16.0
sub-pl046,128,19.0
sub-pl046,129,12.0
sub-pl046,130,17.0
sub-pl046,131,19.0
sub-pl046,132,12.0
sub-pl046,133,11.0
sub-pl046,134,20.0
sub-pl046,135,26.0
sub-pl046,136,25.0
sub-pl046,137,24.0
sub-pl046,138,19.0
sub-pl046,139,25.0
sub-pl046,140,25.0
sub-pl046,141,31.0
sub-pl046,142,31.0
sub-pl046,143,22.0
sub-pl046,144,24.0
sub-pl046,145,29.0
sub-pl046,146,12.0
sub-pl046,147,14.0
sub-pl046,148,21.0
sub-pl046,149,19.0
sub-pl046,150,28.0
sub-pl046,151,27.0
sub-pl046,152,11.0
sub-pl046,153,15.0
sub-pl046,154,19.0
sub-pl046,155,22.0
sub-pl046,156,17.0
sub-pl046,157,14.0
sub-pl046,158,15.0
sub-pl046,159,19.0
sub-pl046,160,23.0
sub-pl046,161,16.0
sub-pl046,162,21.0
sub-pl046,163,19.0
sub-pl046,164,14.0
sub-pl046,165,14.0
sub-pl046,166,16.0
sub-pl046,167,16.0
sub-pl046,168,32.0
sub-pl046,169,28.0
sub-pl046,170,19.0
sub-pl046,171,17.0
sub-pl046,172,28.0
sub-pl046,173,22.0
sub-pl046,174,16.0
sub-pl046,175,15.0
sub-pl046,176,31.0
sub-pl046,177,46.0
sub-pl046,178,20.0
sub-pl046,179,9.0
sub-pl046,180,44.0
sub-pl046,181,41.0
sub-pl046,182,17.0
sub-pl046,183,9.0
sub-pl046,184,20.0
sub-pl046,185,16.0
sub-pl046,186,18.0
sub-pl046,187,11.0
sub-pl046,188,10.0
sub-pl046,189,11.0
sub-pl046,190,10.0
sub-pl046,191,10.0
sub-pl046,192,12.0
sub-pl046,193,10.0
sub-pl046,194,13.0
sub-pl046,195,16.0
sub-pl046,196,17.0
sub-pl046,197,17.0
sub-pl046,198,16.0
sub-pl046,199,14.0
sub-pl046,200,20.0
sub-pl046,201,21.0
sub-pl046,202,17.0
sub-pl046,203,14.0
sub-pl046,204,15.0
sub-pl046,205,15.0
sub-pl046,206,14.0
sub-pl046,207,17.0
sub-pl046,208,21.0
sub-pl046,209,19.0
sub-pl046,210,70.0
sub-pl046,211,45.0
sub-pl046,212,60.0
sub-pl046,213,14.0
sub-pl046,214,75.0
sub-pl046,215,15.0
sub-pl046,216,11.0
sub-pl046,217,6.0
sub-pl046,218,62.0
sub-pl046,219,41.0
sub-pl046,220,65.0
sub-pl046,221,11.0
sub-pl046,222,13.0
sub-pl046,223,4.0
sub-pl046,224,5.0
sub-pl048,0,23.0
sub-pl048,1,31.0
sub-pl048,2,28.0
sub-pl048,3,20.0
sub-pl048,4,30.0
sub-pl048,5,29.0
sub-pl048,6,25.0
sub-pl048,7,21.0
sub-pl048,8,32.0
sub-pl048,9,26.0
sub-pl048,10,25.0
sub-pl048,11,30.0
sub-pl048,12,28.0
sub-pl048,13,25.0
sub-pl048,14,31.0
sub-pl048,15,27.0
sub-pl048,16,29.0
sub-pl048,17,20.0
sub-pl048,18,25.0
sub-pl048,19,26.0
sub-pl048,20,31.0
sub-pl048,21,27.0
sub-pl048,22,28.0
sub-pl048,23,26.0
sub-pl048,24,25.0
sub-pl048,25,28.0
sub-pl048,26,23.0
sub-pl048,27,25.0
sub-pl048,28,13.0
sub-pl048,29,15.0
sub-pl048,30,15.0
sub-pl048,31,12.0
sub-pl048,32,12.0
sub-pl048,33,16.0
sub-pl048,34,16.0
sub-pl048,35,17.0
sub-pl048,36,29.0
sub-pl048,37,28.0
sub-pl048,38,12.0
sub-pl048,39,11.0
sub-pl048,40,18.0
sub-pl048,41,17.0
sub-pl048,42,17.0
sub-pl048,43,17.0
sub-pl048,44,23.0
sub-pl048,45,22.0
sub-pl048,46,18.0
sub-pl048,47,19.0
sub-pl048,48,24.0
sub-pl048,49,15.0
sub-pl048,50,19.0
sub-pl048,51,18.0
sub-pl048,52,28.0
sub-pl048,53,20.0
sub-pl048,54,27.0
sub-pl048,55,32.0
sub-pl048,56,21.0
sub-pl048,57,25.0
sub-pl048,58,23.0
sub-pl048,59,20.0
sub-pl048,60,15.0
sub-pl048,61,20.0
sub-pl048,62,22.0
sub-pl048,63,23.0
sub-pl048,64,14.0
sub-pl048,65,16.0
sub-pl048,66,15.0
sub-pl048,67,16.0
sub-pl048,68,13.0
sub-pl048,69,11.0
sub-pl048,70,15.0
sub-pl048,71,9.0
sub-pl048,72,15.0
sub-pl048,73,14.0
sub-pl048,74,16.0
sub-pl048,75,13.0
sub-pl048,76,11.0
sub-pl048,77,15.0
sub-pl048,78,16.0
sub-pl048,79,9.0
sub-pl048,80,14.0
sub-pl048,81,15.0
sub-pl048,82,17.0
sub-pl048,83,16.0
sub-pl048,84,13.0
sub-pl048,85,13.0
sub-pl048,86,20.0
sub-pl048,87,20.0
sub-pl048,88,6.0
sub-pl048,89,5.0
sub-pl048,90,7.0
sub-pl048,91,4.0
sub-pl048,92,17.0
sub-pl048,93,12.0
sub-pl048,94,13.0
sub-pl048,95,16.0
sub-pl048,96,13.0
sub-pl048,97,7.0
sub-pl048,98,13.0
sub-pl048,99,10.0
sub-pl048,100,11.0
sub-pl048,101,12.0
sub-pl048,102,20.0
sub-pl048,103,17.0
sub-pl048,104,15.0
sub-pl048,105,12.0
sub-pl048,106,15.0
sub-pl048,107,15.0
sub-pl048,108,6.0
sub-pl048,109,3.0
sub-pl048,110,6.0
sub-pl048,111,4.0
sub-pl048,112,7.0
sub-pl048,113,7.0
sub-pl048,114,2.0
sub-pl048,115,0.0
sub-pl048,116,0.0
sub-pl048,117,0.0
sub-pl048,118,7.0
sub-pl048,119,8.0
sub-pl048,120,12.0
sub-pl048,121,11.0
sub-pl048,122,11.0
sub-pl048,123,10.0
sub-pl048,124,9.0
sub-pl048,125,15.0
sub-pl048,126,18.0
sub-pl048,127,16.0
sub-pl048,128,18.0
sub-pl048,129,11.0
sub-pl048,130,20.0
sub-pl048,131,19.0
sub-pl048,132,12.0
sub-pl048,133,10.0
sub-pl048,134,20.0
sub-pl048,135,26.0
sub-pl048,136,24.0
sub-pl048,137,23.0
sub-pl048,138,19.0
sub-pl048,139,25.0
sub-pl048,140,25.0
sub-pl048,141,31.0
sub-pl048,142,32.0
sub-pl048,143,22.0
sub-pl048,144,27.0
sub-pl048,145,29.0
sub-pl048,146,14.0
sub-pl048,147,14.0
sub-pl048,148,21.0
sub-pl048,149,19.0
sub-pl048,150,28.0
sub-pl048,151,28.0
sub-pl048,152,10.0
sub-pl048,153,14.0
sub-pl048,154,19.0
sub-pl048,155,22.0
sub-pl048,156,17.0
sub-pl048,157,14.0
sub-pl048,158,16.0
sub-pl048,159,19.0
sub-pl048,160,23.0
sub-pl048,161,15.0
sub-pl048,162,21.0
sub-pl048,163,18.0
sub-pl048,164,14.0
sub-pl048,165,12.0
sub-pl048,166,16.0
sub-pl048,167,16.0
sub-pl048,168,32.0
sub-pl048,169,25.0
sub-pl048,170,18.0
sub-pl048,171,17.0
sub-pl048,172,28.0
sub-pl048,173,22.0
sub-pl048,174,16.0
sub-pl048,175,15.0
sub-pl048,176,31.0
sub-pl048,177,47.0
sub-pl048,178,21.0
sub-pl048,179,9.0
sub-pl048,180,45.0
sub-pl048,181,42.0
sub-pl048,182,16.0
sub-pl048,183,9.0
sub-pl048,184,20.0
sub-pl048,185,16.0
sub-pl048,186,19.0
sub-pl048,187,11.0
sub-pl048,188,10.0
sub-pl048,189,11.0
sub-pl048,190,9.0
sub-pl048,191,10.0
sub-pl048,192,12.0
sub-pl048,193,10.0
sub-pl048,194,13.0
sub-pl048,195,16.0
sub-pl048,196,16.0
sub-pl048,197,16.0
sub-pl048,198,16.0
sub-pl048,199,15.0
sub-pl048,200,18.0
sub-pl048,201,21.0
sub-pl048,202,17.0
sub-pl048,203,14.0
sub-pl048,204,15.0
sub-pl048,205,14.0
sub-pl048,206,14.0
sub-pl048,207,16.0
sub-pl048,208,20.0
sub-pl048,209,20.0
sub-pl048,210,70.0
sub-pl048,211,45.0
sub-pl048,212,65.0
sub-pl048,213,14.0
sub-pl048,214,72.0
sub-pl048,215,15.0
sub-pl048,216,11.0
sub-pl048,217,7.0
sub-pl048,218,62.0
sub-pl048,219,41.0
sub-pl048,220,66.0
sub-pl048,221,9.0
sub-pl048,222,14.0
sub-pl048,223,4.0
sub-pl048,224,5.0
sub-pl051,0,24.0
sub-pl051,1,32.0
sub-pl051,2,29.0
sub-pl051,3,20.0
sub-pl051,4,31.0
sub-pl051,5,29.0
sub-pl051,6,25.0
sub-pl051,7,21.0
sub-pl051,8,32.0
sub-pl051,9,26.0
sub-pl051,10,26.0
sub-pl051,11,30.0
sub-pl051,12,28.0
sub-pl051,13,27.0
sub-pl051,14,30.0
sub-pl051,15,27.0
sub-pl051,16,29.0
sub-pl051,17,20.0
sub-pl051,18,25.0
sub-pl051,19,26.0
sub-pl051,20,31.0
sub-pl051,21,29.0
sub-pl051,22,28.0
sub-pl051,23,24.0
sub-pl051,24,26.0
sub-pl051,25,28.0
sub-pl051,26,23.0
sub-pl051,27,25.0
sub-pl051,28,13.0
sub-pl051,29,16.0
sub-pl051,30,16.0
sub-pl051,31,12.0
sub-pl051,32,12.0
sub-pl051,33,16.0
sub-pl051,34,17.0
sub-pl051,35,17.0
sub-pl051,36,29.0
sub-pl051,37,29.0
sub-pl051,38,12.0
sub-pl051,39,11.0
sub-pl051,40,20.0
sub-pl051,41,17.0
sub-pl051,42,18.0
sub-pl051,43,17.0
sub-pl051,44,24.0
sub-pl051,45,23.0
sub-pl051,46,18.0
sub-pl051,47,19.0
sub-pl051,48,24.0
sub-pl051,49,15.0
sub-pl051,50,18.0
sub-pl051,51,18.0
sub-pl051,52,27.0
sub-pl051,53,20.0
sub-pl051,54,27.0
sub-pl051,55,31.0
sub-pl051,56,22.0
sub-pl051,57,25.0
sub-pl051,58,23.0
sub-pl051,59,20.0
sub-pl051,60,16.0
sub-pl051,61,19.0
sub-pl051,62,23.0
sub-pl051,63,23.0
sub-pl051,64,14.0
sub-pl051,65,16.0
sub-pl051,66,15.0
sub-pl051,67,17.0
sub-pl051,68,13.0
sub-pl051,69,11.0
sub-pl051,70,14.0
sub-pl051,71,9.0
sub-pl051,72,15.0
sub-pl051,73,14.0
sub-pl051,74,16.0
sub-pl051,75,13.0
sub-pl051,76,9.0
sub-pl051,77,15.0
sub-pl051,78,16.0
sub-pl051,79,9.0
sub-pl051,80,14.0
sub-pl051,81,16.0
sub-pl051,82,17.0
sub-pl051,83,16.0
sub-pl051,84,14.0
sub-pl051,85,14.0
sub-pl051,86,21.0
sub-pl051,87,20.0
sub-pl051,88,6.0
sub-pl051,89,5.0
sub-pl051,90,7.0
sub-pl051,91,4.0
sub-pl051,92,17.0
sub-pl051,93,12.0
sub-pl051,94,13.0
sub-pl051,95,16.0
sub-pl051,96,14.0
sub-pl051,97,8.0
sub-pl051,98,13.0
sub-pl051,99,10.0
sub-pl051,100,11.0
sub-pl051,101,12.0
sub-pl051,102,20.0
sub-pl051,103,17.0
sub-pl051,104,15.0
sub-pl051,105,12.0
sub-pl051,106,15.0
sub-pl051,107,15.0
sub-pl051,108,5.0
sub-pl051,109,3.0
sub-pl051,110,6.0
sub-pl051,111,4.0
sub-pl051,112,7.0
sub-pl051,113,7.0
sub-pl051,114,2.0
sub-pl051,115,0.0
sub-pl051,116,0.0
sub-pl051,117,0.0
sub-pl051,118,7.0
sub-pl051,119,8.0
sub-pl051,120,12.0
sub-pl051,121,11.0
sub-pl051,122,11.0
sub-pl051,123,11.0
sub-pl051,124,11.0
sub-pl051,125,16.0
sub-pl051,126,18.0
sub-pl051,127,17.0
sub-pl051,128,19.0
sub-pl051,129,12.0
sub-pl051,130,19.0
sub-pl051,131,18.0
sub-pl051,132,12.0
sub-pl051,133,11.0
sub-pl051,134,21.0
sub-pl051,135,27.0
sub-pl051,136,26.0
sub-pl051,137,24.0
sub-pl051,138,19.0
sub-pl051,139,25.0
sub-pl051,140,24.0
sub-pl051,141,32.0
sub-pl051,142,32.0
sub-pl051,143,22.0
sub-pl051,144,26.0
sub-pl051,145,29.0
sub-pl051,146,13.0
sub-pl051,147,13.0
sub-pl051,148,21.0
sub-pl051,149,19.0
sub-pl051,150,28.0
sub-pl051,151,28.0
sub-pl051,152,11.0
sub-pl051,153,15.0
sub-pl051,154,20.0
sub-pl051,155,22.0
sub-pl051,156,17.0
sub-pl051,157,14.0
sub-pl051,158,14.0
sub-pl051,159,19.0
sub-pl051,160,24.0
sub-pl051,161,16.0
sub-pl051,162,21.0
sub-pl051,163,19.0
sub-pl051,164,15.0
sub-pl051,165,13.0
sub-pl051,166,17.0
sub-pl051,167,15.0
sub-pl051,168,33.0
sub-pl051,169,29.0
sub-pl051,170,18.0
sub-pl051,171,17.0
sub-pl051,172,28.0
sub-pl051,173,21.0
sub-pl051,174,16.0
sub-pl051,175,15.0
sub-pl051,176,31.0
sub-pl051,177,47.0
sub-pl051,178,20.0
sub-pl051,179,9.0
sub-pl051,180,44.0
sub-pl051,181,43.0
sub-pl051,182,17.0
sub-pl051,183,9.0
sub-pl051,184,20.0
sub-pl051,185,15.0
sub-pl051,186,19.0
sub-pl051,187,11.0
sub-pl051,188,10.0
sub-pl051,189,11.0
sub-pl051,190,10.0
sub-pl051,191,10.0
sub-pl051,192,12.0
sub-pl051,193,10.0
sub-pl051,194,13.0
sub-pl051,195,16.0
sub-pl051,196,17.0
sub-pl051,197,17.0
sub-pl051,198,17.0
sub-pl051,199,15.0
sub-pl051,200,20.0
sub-pl051,201,21.0
sub-pl051,202,17.0
sub-pl051,203,14.0
sub-pl051,204,15.0
sub-pl051,205,14.0
sub-pl051,206,14.0
sub-pl051,207,16.0
sub-pl051,208,20.0
sub-pl051,209,19.0
sub-pl051,210,68.0
sub-pl051,211,45.0
sub-pl051,212,64.0
sub-pl051,213,14.0
sub-pl051,214,76.0
sub-pl051,215,15.0
sub-pl051,216,11.0
sub-pl051,217,7.0
sub-pl051,218,62.0
sub-pl051,219,41.0
sub-pl051,220,67.0
sub-pl051,221,11.0
sub-pl051,222,14.0
sub-pl051,223,4.0
sub-pl051,224,5.0
sub-pl052,0,24.0
sub-pl052,1,32.0
sub-pl052,2,29.0
sub-pl052,3,20.0
sub-pl052,4,31.0
sub-pl052,5,29.0
sub-pl052,6,25.0
sub-pl052,7,21.0
sub-pl052,8,32.0
sub-pl052,9,26.0
sub-pl052,10,25.0
sub-pl052,11,30.0
sub-pl052,12,27.0
sub-pl052,13,26.0
sub-pl052,14,31.0
sub-pl052,15,27.0
sub-pl052,16,28.0
sub-pl052,17,20.0
sub-pl052,18,25.0
sub-pl052,19,26.0
sub-pl052,20,30.0
sub-pl052,21,29.0
sub-pl052,22,27.0
sub-pl052,23,26.0
sub-pl052,24,25.0
sub-pl052,25,28.0
sub-pl052,26,23.0
sub-pl052,27,25.0
sub-pl052,28,12.0
sub-pl052,29,16.0
sub-pl052,30,16.0
sub-pl052,31,12.0
sub-pl052,32,12.0
sub-pl052,33,15.0
sub-pl052,34,17.0
sub-pl052,35,17.0
sub-pl052,36,28.0
sub-pl052,37,29.0
sub-pl052,38,12.0
sub-pl052,39,11.0
sub-pl052,40,20.0
sub-pl052,41,17.0
sub-pl052,42,18.0
sub-pl052,43,16.0
sub-pl052,44,24.0
sub-pl052,45,23.0
sub-pl052,46,18.0
sub-pl052,47,19.0
sub-pl052,48,25.0
sub-pl052,49,15.0
sub-pl052,50,19.0
sub-pl052,51,18.0
sub-pl052,52,28.0
sub-pl052,53,19.0
sub-pl052,54,27.0
sub-pl052,55,33.0
sub-pl052,56,22.0
sub-pl052,57,25.0
sub-pl052,58,23.0
sub-pl052,59,19.0
sub-pl052,60,16.0
sub-pl052,61,20.0
sub-pl052,62,23.0
sub-pl052,63,22.0
sub-pl052,64,14.0
sub-pl052,65,16.0
sub-pl052,66,16.0
sub-pl052,67,16.0
sub-pl052,68,13.0
sub-pl052,69,11.0
sub-pl052,70,14.0
sub-pl052,71,9.0
sub-pl052,72,15.0
sub-pl052,73,13.0
sub-pl052,74,15.0
sub-pl052,75,13.0
sub-pl052,76,11.0
sub-pl052,77,15.0
sub-pl052,78,16.0
sub-pl052,79,9.0
sub-pl052,80,11.0
sub-pl052,81,16.0
sub-pl052,82,17.0
sub-pl052,83,15.0
sub-pl052,84,13.0
sub-pl052,85,14.0
sub-pl052,86,21.0
sub-pl052,87,20.0
sub-pl052,88,6.0
sub-pl052,89,4.0
sub-pl052,90,7.0
sub-pl052,91,4.0
sub-pl052,92,16.0
sub-pl052,93,12.0
sub-pl052,94,13.0
sub-pl052,95,15.0
sub-pl052,96,14.0
sub-pl052,97,7.0
sub-pl052,98,13.0
sub-pl052,99,10.0
sub-pl052,100,11.0
sub-pl052,101,12.0
sub-pl052,102,20.0
sub-pl052,103,16.0
sub-pl052,104,15.0
sub-pl052,105,12.0
sub-pl052,106,15.0
sub-pl052,107,15.0
sub-pl052,108,6.0
sub-pl052,109,3.0
sub-pl052,110,5.0
sub-pl052,111,4.0
sub-pl052,112,6.0
sub-pl052,113,7.0
sub-pl052,114,2.0
sub-pl052,115,0.0
sub-pl052,116,0.0
sub-pl052,117,0.0
sub-pl052,118,7.0
sub-pl052,119,8.0
sub-pl052,120,12.0
sub-pl052,121,11.0
sub-pl052,122,11.0
sub-pl052,123,11.0
sub-pl052,124,11.0
sub-pl052,125,15.0
sub-pl052,126,18.0
sub-pl052,127,17.0
sub-pl052,128,19.0
sub-pl052,129,12.0
sub-pl052,130,20.0
sub-pl052,131,19.0
sub-pl052,132,12.0
sub-pl052,133,11.0
sub-pl052,134,21.0
sub-pl052,135,27.0
sub-pl052,136,24.0
sub-pl052,137,22.0
sub-pl052,138,19.0
sub-pl052,139,25.0
sub-pl052,140,24.0
sub-pl052,141,31.0
sub-pl052,142,30.0
sub-pl052,143,22.0
sub-pl052,144,27.0
sub-pl052,145,29.0
sub-pl052,146,14.0
sub-pl052,147,13.0
sub-pl052,148,21.0
sub-pl052,149,19.0
sub-pl052,150,28.0
sub-pl052,151,27.0
sub-pl052,152,11.0
sub-pl052,153,15.0
sub-pl052,154,20.0
sub-pl052,155,22.0
sub-pl052,156,17.0
sub-pl052,157,14.0
sub-pl052,158,16.0
sub-pl052,159,19.0
sub-pl052,160,24.0
sub-pl052,161,16.0
sub-pl052,162,21.0
sub-pl052,163,18.0
sub-pl052,164,14.0
sub-pl052,165,14.0
sub-pl052,166,17.0
sub-pl052,167,16.0
sub-pl052,168,33.0
sub-pl052,169,29.0
sub-pl052,170,19.0
sub-pl052,171,16.0
sub-pl052,172,27.0
sub-pl052,173,21.0
sub-pl052,174,15.0
sub-pl052,175,14.0
sub-pl052,176,31.0
sub-pl052,177,46.0
sub-pl052,178,21.0
sub-pl052,179,9.0
sub-pl052,180,46.0
sub-pl052,181,43.0
sub-pl052,182,17.0
sub-pl052,183,8.0
sub-pl052,184,20.0
sub-pl052,185,16.0
sub-pl052,186,19.0
sub-pl052,187,11.0
sub-pl052,188,10.0
sub-pl052,189,11.0
sub-pl052,190,10.0
sub-pl052,191,10.0
sub-pl052,192,12.0
sub-pl052,193,10.0
sub-pl052,194,13.0
sub-pl052,195,14.0
sub-pl052,196,17.0
sub-pl052,197,17.0
sub-pl052,198,17.0
sub-pl052,199,15.0
sub-pl052,200,19.0
sub-pl052,201,21.0
sub-pl052,202,17.0
sub-pl052,203,14.0
sub-pl052,204,15.0
sub-pl052,205,15.0
sub-pl052,206,14.0
sub-pl052,207,17.0
sub-pl052,208,21.0
sub-pl052,209,19.0
sub-pl052,210,70.0
sub-pl052,211,45.0
sub-pl052,212,65.0
sub-pl052,213,14.0
sub-pl052,214,75.0
sub-pl052,215,15.0
sub-pl052,216,11.0
sub-pl052,217,7.0
sub-pl052,218,62.0
sub-pl052,219,41.0
sub-pl052,220,67.0
sub-pl052,221,10.0
sub-pl052,222,13.0
sub-pl052,223,4.0
sub-pl052,224,5.0
sub-pl053,0,24.0
sub-pl053,1,32.0
sub-pl053,2,29.0
sub-pl053,3,20.0
sub-pl053,4,30.0
sub-pl053,5,29.0
sub-pl053,6,25.0
sub-pl053,7,20.0
sub-pl053,8,32.0
sub-pl053,9,26.0
sub-pl053,10,26.0
sub-pl053,11,29.0
sub-pl053,12,28.0
sub-pl053,13,27.0
sub-pl053,14,31.0
sub-pl053,15,27.0
sub-pl053,16,29.0
sub-pl053,17,20.0
sub-pl053,18,25.0
sub-pl053,19,26.0
sub-pl053,20,31.0
sub-pl053,21,29.0
sub-pl053,22,28.0
sub-pl053,23,26.0
sub-pl053,24,26.0
sub-pl053,25,28.0
sub-pl053,26,23.0
sub-pl053,27,25.0
sub-pl053,28,13.0
sub-pl053,29,15.0
sub-pl053,30,16.0
sub-pl053,31,11.0
sub-pl053,32,12.0
sub-pl053,33,16.0
sub-pl053,34,17.0
sub-pl053,35,17.0
sub-pl053,36,29.0
sub-pl053,37,28.0
sub-pl053,38,12.0
sub-pl053,39,11.0
sub-pl053,40,20.0
sub-pl053,41,16.0
sub-pl053,42,18.0
sub-pl053,43,17.0
sub-pl053,44,24.0
sub-pl053,45,23.0
sub-pl053,46,18.0
sub-pl053,47,19.0
sub-pl053,48,25.0
sub-pl053,49,15.0
sub-pl053,50,18.0
sub-pl053,51,18.0
sub-pl053,52,28.0
sub-pl053,53,20.0
sub-pl053,54,27.0
sub-pl053,55,32.0
sub-pl053,56,22.0
sub-pl053,57,24.0
sub-pl053,58,22.0
sub-pl053,59,19.0
sub-pl053,60,16.0
sub-pl053,61,20.0
sub-pl053,62,23.0
sub-pl053,63,23.0
sub-pl053,64,14.0
sub-pl053,65,16.0
sub-pl053,66,14.0
sub-pl053,67,17.0
sub-pl053,68,13.0
sub-pl053,69,11.0
sub-pl053,70,15.0
sub-pl053,71,9.0
sub-pl053,72,15.0
sub-pl053,73,14.0
sub-pl053,74,14.0
sub-pl053,75,12.0
sub-pl053,76,11.0
sub-pl053,77,15.0
sub-pl053,78,16.0
sub-pl053,79,9.0
sub-pl053,80,13.0
sub-pl053,81,16.0
sub-pl053,82,17.0
sub-pl053,83,16.0
sub-pl053,84,14.0
sub-pl053,85,14.0
sub-pl053,86,21.0
sub-pl053,87,20.0
sub-pl053,88,6.0
sub-pl053,89,5.0
sub-pl053,90,7.0
sub-pl053,91,4.0
sub-pl053,92,17.0
sub-pl053,93,12.0
sub-pl053,94,13.0
sub-pl053,95,16.0
sub-pl053,96,14.0
sub-pl053,97,8.0
sub-pl053,98,13.0
sub-pl053,99,10.0
sub-pl053,100,11.0
sub-pl053,101,12.0
sub-pl053,102,20.0
sub-pl053,103,17.0
sub-pl053,104,15.0
sub-pl053,105,12.0
sub-pl053,106,15.0
sub-pl053,107,15.0
sub-pl053,108,6.0
sub-pl053,109,3.0
sub-pl053,110,6.0
sub-pl053,111,4.0
sub-pl053,112,7.0
sub-pl053,113,7.0
sub-pl053,114,2.0
sub-pl053,115,0.0
sub-pl053,116,0.0
sub-pl053,117,0.0
sub-pl053,118,7.0
sub-pl053,119,8.0
sub-pl053,120,12.0
sub-pl053,121,11.0
sub-pl053,122,11.0
sub-pl053,123,11.0
sub-pl053,124,11.0
sub-pl053,125,16.0
sub-pl053,126,18.0
sub-pl053,127,17.0
sub-pl053,128,19.0
sub-pl053,129,12.0
sub-pl053,130,20.0
sub-pl053,131,19.0
sub-pl053,132,12.0
sub-pl053,133,11.0
sub-pl053,134,21.0
sub-pl053,135,27.0
sub-pl053,136,26.0
sub-pl053,137,23.0
sub-pl053,138,19.0
sub-pl053,139,25.0
sub-pl053,140,25.0
sub-pl053,141,31.0
sub-pl053,142,32.0
sub-pl053,143,22.0
sub-pl053,144,27.0
sub-pl053,145,29.0
sub-pl053,146,14.0
sub-pl053,147,13.0
sub-pl053,148,20.0
sub-pl053,149,19.0
sub-pl053,150,28.0
sub-pl053,151,28.0
sub-pl053,152,11.0
sub-pl053,153,15.0
sub-pl053,154,20.0
sub-pl053,155,22.0
sub-pl053,156,17.0
sub-pl053,157,14.0
sub-pl053,158,16.0
sub-pl053,159,18.0
sub-pl053,160,24.0
sub-pl053,161,16.0
sub-pl053,162,21.0
sub-pl053,163,19.0
sub-pl053,164,15.0
sub-pl053,165,14.0
sub-pl053,166,17.0
sub-pl053,167,16.0
sub-pl053,168,33.0
sub-pl053,169,29.0
sub-pl053,170,19.0
sub-pl053,171,17.0
sub-pl053,172,28.0
sub-pl053,173,22.0
sub-pl053,174,16.0
sub-pl053,175,15.0
sub-pl053,176,30.0
sub-pl053,177,47.0
sub-pl053,178,21.0
sub-pl053,179,9.0
sub-pl053,180,45.0
sub-pl053,181,41.0
sub-pl053,182,15.0
sub-pl053,183,9.0
sub-pl053,184,20.0
sub-pl053,185,15.0
sub-pl053,186,19.0
sub-pl053,187,11.0
sub-pl053,188,10.0
sub-pl053,189,11.0
sub-pl053,190,10.0
sub-pl053,191,10.0
sub-pl053,192,12.0
sub-pl053,193,10.0
sub-pl053,194,13.0
sub-pl053,195,16.0
sub-pl053,196,17.0
sub-pl053,197,17.0
sub-pl053,198,17.0
sub-pl053,199,15.0
sub-pl053,200,20.0
sub-pl053,201,20.0
sub-pl053,202,17.0
sub-pl053,203,14.0
sub-pl053,204,15.0
sub-pl053,205,15.0
sub-pl053,206,14.0
sub-pl053,207,17.0
sub-pl053,208,21.0
sub-pl053,209,20.0
sub-pl053,210,70.0
sub-pl053,211,45.0
sub-pl053,212,64.0
sub-pl053,213,13.0
sub-pl053,214,76.0
sub-pl053,215,14.0
sub-pl053,216,11.0
sub-pl053,217,7.0
sub-pl053,218,61.0
sub-pl053,219,41.0
sub-pl053,220,66.0
sub-pl053,221,10.0
sub-pl053,222,14.0
sub-pl053,223,4.0
sub-pl053,224,5.0
sub-pl054,0,24.0
sub-pl054,1,31.0
sub-pl054,2,29.0
sub-pl054,3,20.0
sub-pl054,4,31.0
sub-pl054,5,29.0
sub-pl054,6,24.0
sub-pl054,7,21.0
sub-pl054,8,32.0
sub-pl054,9,26.0
sub-pl054,10,25.0
sub-pl054,11,30.0
sub-pl054,12,28.0
sub-pl054,13,27.0
sub-pl054,14,30.0
sub-pl054,15,27.0
sub-pl054,16,28.0
sub-pl054,17,20.0
sub-pl054,18,24.0
sub-pl054,19,26.0
sub-pl054,20,29.0
sub-pl054,21,27.0
sub-pl054,22,27.0
sub-pl054,23,24.0
sub-pl054,24,26.0
sub-pl054,25,26.0
sub-pl054,26,23.0
sub-pl054,27,24.0
sub-pl054,28,12.0
sub-pl054,29,16.0
sub-pl054,30,16.0
sub-pl054,31,11.0
sub-pl054,32,11.0
sub-pl054,33,15.0
sub-pl054,34,17.0
sub-pl054,35,16.0
sub-pl054,36,29.0
sub-pl054,37,27.0
sub-pl054,38,12.0
sub-pl054,39,11.0
sub-pl054,40,20.0
sub-pl054,41,17.0
sub-pl054,42,17.0
sub-pl054,43,17.0
sub-pl054,44,24.0
sub-pl054,45,23.0
sub-pl054,46,17.0
sub-pl054,47,19.0
sub-pl054,48,22.0
sub-pl054,49,15.0
sub-pl054,50,19.0
sub-pl054,51,18.0
sub-pl054,52,28.0
sub-pl054,53,20.0
sub-pl054,54,27.0
sub-pl054,55,33.0
sub-pl054,56,22.0
sub-pl054,57,24.0
sub-pl054,58,23.0
sub-pl054,59,20.0
sub-pl054,60,15.0
sub-pl054,61,20.0
sub-pl054,62,23.0
sub-pl054,63,23.0
sub-pl054,64,14.0
sub-pl054,65,16.0
sub-pl054,66,16.0
sub-pl054,67,17.0
sub-pl054,68,13.0
sub-pl054,69,11.0
sub-pl054,70,15.0
sub-pl054,71,9.0
sub-pl054,72,15.0
sub-pl054,73,14.0
sub-pl054,74,14.0
sub-pl054,75,13.0
sub-pl054,76,11.0
sub-pl054,77,15.0
sub-pl054,78,15.0
sub-pl054,79,9.0
sub-pl054,80,9.0
sub-pl054,81,16.0
sub-pl054,82,16.0
sub-pl054,83,15.0
sub-pl054,84,13.0
sub-pl054,85,14.0
sub-pl054,86,21.0
sub-pl054,87,20.0
sub-pl054,88,6.0
sub-pl054,89,5.0
sub-pl054,90,7.0
sub-pl054,91,3.0
sub-pl054,92,17.0
sub-pl054,93,12.0
sub-pl054,94,12.0
sub-pl054,95,16.0
sub-pl054,96,13.0
sub-pl054,97,8.0
sub-pl054,98,13.0
sub-pl054,99,10.0
sub-pl054,100,10.0
sub-pl054,101,12.0
sub-pl054,102,20.0
sub-pl054,103,17.0
sub-pl054,104,15.0
sub-pl054,105,12.0
sub-pl054,106,15.0
sub-pl054,107,15.0
sub-pl054,108,6.0
sub-pl054,109,3.0
sub-pl054,110,5.0
sub-pl054,111,4.0
sub-pl054,112,7.0
sub-pl054,113,7.0
sub-pl054,114,2.0
sub-pl054,115,0.0
sub-pl054,116,0.0
sub-pl054,117,0.0
sub-pl054,118,7.0
sub-pl054,119,8.0
sub-pl054,120,12.0
sub-pl054,121,11.0
sub-pl054,122,11.0
sub-pl054,123,11.0
sub-pl054,124,11.0
sub-pl054,125,16.0
sub-pl054,126,17.0
sub-pl054,127,17.0
sub-pl054,128,19.0
sub-pl054,129,12.0
sub-pl054,130,20.0
sub-pl054,131,19.0
sub-pl054,132,12.0
sub-pl054,133,11.0
sub-pl054,134,21.0
sub-pl054,135,26.0
sub-pl054,136,24.0
sub-pl054,137,24.0
sub-pl054,138,19.0
sub-pl054,139,24.0
sub-pl054,140,24.0
sub-pl054,141,32.0
sub-pl054,142,31.0
sub-pl054,143,22.0
sub-pl054,144,26.0
sub-pl054,145,27.0
sub-pl054,146,14.0
sub-pl054,147,14.0
sub-pl054,148,20.0
sub-pl054,149,19.0
sub-pl054,150,27.0
sub-pl054,151,28.0
sub-pl054,152,11.0
sub-pl054,153,15.0
sub-pl054,154,20.0
sub-pl054,155,21.0
sub-pl054,156,16.0
sub-pl054,157,14.0
sub-pl054,158,16.0
sub-pl054,159,19.0
sub-pl054,160,24.0
sub-pl054,161,15.0
sub-pl054,162,20.0
sub-pl054,163,19.0
sub-pl054,164,15.0
sub-pl054,165,13.0
sub-pl054,166,15.0
sub-pl054,167,15.0
sub-pl054,168,28.0
sub-pl054,169,27.0
sub-pl054,170,17.0
sub-pl054,171,17.0
sub-pl054,172,25.0
sub-pl054,173,22.0
sub-pl054,174,15.0
sub-pl054,175,15.0
sub-pl054,176,30.0
sub-pl054,177,48.0
sub-pl054,178,21.0
sub-pl054,179,8.0
sub-pl054,180,46.0
sub-pl054,181,42.0
sub-pl054,182,17.0
sub-pl054,183,9.0
sub-pl054,184,19.0
sub-pl054,185,16.0
sub-pl054,186,18.0
sub-pl054,187,11.0
sub-pl054,188,9.0
sub-pl054,189,11.0
sub-pl054,190,10.0
sub-pl054,191,10.0
sub-pl054,192,12.0
sub-pl054,193,10.0
sub-pl054,194,12.0
sub-pl054,195,15.0
sub-pl054,196,17.0
sub-pl054,197,16.0
sub-pl054,198,17.0
sub-pl054,199,15.0
sub-pl054,200,19.0
sub-pl054,201,21.0
sub-pl054,202,16.0
sub-pl054,203,14.0
sub-pl054,204,14.0
sub-pl054,205,15.0
sub-pl054,206,14.0
sub-pl054,207,17.0
sub-pl054,208,20.0
sub-pl054,209,20.0
sub-pl054,210,70.0
sub-pl054,211,44.0
sub-pl054,212,63.0
sub-pl054,213,13.0
sub-pl054,214,75.0
sub-pl054,215,15.0
sub-pl054,216,11.0
sub-pl054,217,7.0
sub-pl054,218,61.0
sub-pl054,219,41.0
sub-pl054,220,65.0
sub-pl054,221,9.0
sub-pl054,222,14.0
sub-pl054,223,4.0
sub-pl054,224,5.0
sub-pl057,0,24.0
sub-pl057,1,32.0
sub-pl057,2,27.0
sub-pl057,3,19.0
sub-pl057,4,31.0
sub-pl057,5,29.0
sub-pl057,6,24.0
sub-pl057,7,21.0
sub-pl057,8,32.0
sub-pl057,9,26.0
sub-pl057,10,26.0
sub-pl057,11,30.0
sub-pl057,12,28.0
sub-pl057,13,27.0
sub-pl057,14,30.0
sub-pl057,15,26.0
sub-pl057,16,29.0
sub-pl057,17,19.0
sub-pl057,18,24.0
sub-pl057,19,26.0
sub-pl057,20,31.0
sub-pl057,21,28.0
sub-pl057,22,28.0
sub-pl057,23,26.0
sub-pl057,24,26.0
sub-pl057,25,27.0
sub-pl057,26,23.0
sub-pl057,27,25.0
sub-pl057,28,12.0
sub-pl057,29,16.0
sub-pl057,30,16.0
sub-pl057,31,12.0
sub-pl057,32,12.0
sub-pl057,33,16.0
sub-pl057,34,16.0
sub-pl057,35,16.0
sub-pl057,36,29.0
sub-pl057,37,28.0
sub-pl057,38,11.0
sub-pl057,39,11.0
sub-pl057,40,19.0
sub-pl057,41,16.0
sub-pl057,42,18.0
sub-pl057,43,17.0
sub-pl057,44,24.0
sub-pl057,45,23.0
sub-pl057,46,18.0
sub-pl057,47,19.0
sub-pl057,48,23.0
sub-pl057,49,15.0
sub-pl057,50,18.0
sub-pl057,51,17.0
sub-pl057,52,28.0
sub-pl057,53,20.0
sub-pl057,54,27.0
sub-pl057,55,33.0
sub-pl057,56,22.0
sub-pl057,57,25.0
sub-pl057,58,23.0
sub-pl057,59,20.0
sub-pl057,60,16.0
sub-pl057,61,19.0
sub-pl057,62,22.0
sub-pl057,63,22.0
sub-pl057,64,13.0
sub-pl057,65,16.0
sub-pl057,66,16.0
sub-pl057,67,17.0
sub-pl057,68,12.0
sub-pl057,69,11.0
sub-pl057,70,15.0
sub-pl057,71,9.0
sub-pl057,72,15.0
sub-pl057,73,14.0
sub-pl057,74,16.0
sub-pl057,75,13.0
sub-pl057,76,11.0
sub-pl057,77,15.0
sub-pl057,78,16.0
sub-pl057,79,8.0
sub-pl057,80,14.0
sub-pl057,81,16.0
sub-pl057,82,17.0
sub-pl057,83,15.0
sub-pl057,84,13.0
sub-pl057,85,14.0
sub-pl057,86,21.0
sub-pl057,87,20.0
sub-pl057,88,5.0
sub-pl057,89,4.0
sub-pl057,90,6.0
sub-pl057,91,4.0
sub-pl057,92,17.0
sub-pl057,93,12.0
sub-pl057,94,13.0
sub-pl057,95,16.0
sub-pl057,96,13.0
sub-pl057,97,8.0
sub-pl057,98,13.0
sub-pl057,99,10.0
sub-pl057,100,11.0
sub-pl057,101,12.0
sub-pl057,102,20.0
sub-pl057,103,16.0
sub-pl057,104,15.0
sub-pl057,105,12.0
sub-pl057,106,15.0
sub-pl057,107,15.0
sub-pl057,108,5.0
sub-pl057,109,3.0
sub-pl057,110,5.0
sub-pl057,111,4.0
sub-pl057,112,7.0
sub-pl057,113,7.0
sub-pl057,114,2.0
sub-pl057,115,0.0
sub-pl057,116,0.0
sub-pl057,117,0.0
sub-pl057,118,7.0
sub-pl057,119,8.0
sub-pl057,120,12.0
sub-pl057,121,11.0
sub-pl057,122,11.0
sub-pl057,123,11.0
sub-pl057,124,11.0
sub-pl057,125,16.0
sub-pl057,126,18.0
sub-pl057,127,17.0
sub-pl057,128,18.0
sub-pl057,129,12.0
sub-pl057,130,20.0
sub-pl057,131,19.0
sub-pl057,132,12.0
sub-pl057,133,11.0
sub-pl057,134,21.0
sub-pl057,135,27.0
sub-pl057,136,26.0
sub-pl057,137,23.0
sub-pl057,138,19.0
sub-pl057,139,25.0
sub-pl057,140,25.0
sub-pl057,141,29.0
sub-pl057,142,32.0
sub-pl057,143,22.0
sub-pl057,144,25.0
sub-pl057,145,27.0
sub-pl057,146,13.0
sub-pl057,147,14.0
sub-pl057,148,21.0
sub-pl057,149,19.0
sub-pl057,150,27.0
sub-pl057,151,28.0
sub-pl057,152,11.0
sub-pl057,153,14.0
sub-pl057,154,20.0
sub-pl057,155,21.0
sub-pl057,156,16.0
sub-pl057,157,14.0
sub-pl057,158,16.0
sub-pl057,159,19.0
sub-pl057,160,24.0
sub-pl057,161,16.0
sub-pl057,162,21.0
sub-pl057,163,19.0
sub-pl057,164,14.0
sub-pl057,165,13.0
sub-pl057,166,17.0
sub-pl057,167,15.0
sub-pl057,168,32.0
sub-pl057,169,29.0
sub-pl057,170,19.0
sub-pl057,171,17.0
sub-pl057,172,28.0
sub-pl057,173,22.0
sub-pl057,174,16.0
sub-pl057,175,15.0
sub-pl057,176,31.0
sub-pl057,177,48.0
sub-pl057,178,21.0
sub-pl057,179,9.0
sub-pl057,180,46.0
sub-pl057,181,43.0
sub-pl057,182,17.0
sub-pl057,183,9.0
sub-pl057,184,20.0
sub-pl057,185,16.0
sub-pl057,186,19.0
sub-pl057,187,11.0
sub-pl057,188,10.0
sub-pl057,189,11.0
sub-pl057,190,10.0
sub-pl057,191,10.0
sub-pl057,192,12.0
sub-pl057,193,9.0
sub-pl057,194,13.0
sub-pl057,195,16.0
sub-pl057,196,17.0
sub-pl057,197,17.0
sub-pl057,198,17.0
sub-pl057,199,15.0
sub-pl057,200,20.0
sub-pl057,201,20.0
sub-pl057,202,17.0
sub-pl057,203,14.0
sub-pl057,204,15.0
sub-pl057,205,14.0
sub-pl057,206,14.0
sub-pl057,207,17.0
sub-pl057,208,20.0
sub-pl057,209,20.0
sub-pl057,210,69.0
sub-pl057,211,44.0
sub-pl057,212,64.0
sub-pl057,213,14.0
sub-pl057,214,73.0
sub-pl057,215,15.0
sub-pl057,216,11.0
sub-pl057,217,6.0
sub-pl057,218,61.0
sub-pl057,219,40.0
sub-pl057,220,67.0
sub-pl057,221,11.0
sub-pl057,222,14.0
sub-pl057,223,2.0
sub-pl057,224,4.0
sub-pl058,0,24.0
sub-pl058,1,32.0
sub-pl058,2,29.0
sub-pl058,3,20.0
sub-pl058,4,31.0
sub-pl058,5,29.0
sub-pl058,6,24.0
sub-pl058,7,21.0
sub-pl058,8,32.0
sub-pl058,9,26.0
sub-pl058,10,25.0
sub-pl058,11,29.0
sub-pl058,12,28.0
sub-pl058,13,27.0
sub-pl058,14,31.0
sub-pl058,15,26.0
sub-pl058,16,29.0
sub-pl058,17,20.0
sub-pl058,18,24.0
sub-pl058,19,26.0
sub-pl058,20,30.0
sub-pl058,21,28.0
sub-pl058,22,28.0
sub-pl058,23,26.0
sub-pl058,24,25.0
sub-pl058,25,28.0
sub-pl058,26,22.0
sub-pl058,27,25.0
sub-pl058,28,13.0
sub-pl058,29,16.0
sub-pl058,30,15.0
sub-pl058,31,12.0
sub-pl058,32,12.0
sub-pl058,33,16.0
sub-pl058,34,16.0
sub-pl058,35,17.0
sub-pl058,36,29.0
sub-pl058,37,29.0
sub-pl058,38,12.0
sub-pl058,39,11.0
sub-pl058,40,20.0
sub-pl058,41,17.0
sub-pl058,42,18.0
sub-pl058,43,17.0
sub-pl058,44,23.0
sub-pl058,45,23.0
sub-pl058,46,18.0
sub-pl058,47,19.0
sub-pl058,48,25.0
sub-pl058,49,15.0
sub-pl058,50,18.0
sub-pl058,51,18.0
sub-pl058,52,28.0
sub-pl058,53,19.0
sub-pl058,54,27.0
sub-pl058,55,32.0
sub-pl058,56,21.0
sub-pl058,57,25.0
sub-pl058,58,23.0
sub-pl058,59,20.0
sub-pl058,60,16.0
sub-pl058,61,20.0
sub-pl058,62,23.0
sub-pl058,63,23.0
sub-pl058,64,14.0
sub-pl058,65,16.0
sub-pl058,66,16.0
sub-pl058,67,17.0
sub-pl058,68,13.0
sub-pl058,69,11.0
sub-pl058,70,15.0
sub-pl058,71,9.0
sub-pl058,72,15.0
sub-pl058,73,13.0
sub-pl058,74,16.0
sub-pl058,75,13.0
sub-pl058,76,11.0
sub-pl058,77,15.0
sub-pl058,78,16.0
sub-pl058,79,8.0
sub-pl058,80,14.0
sub-pl058,81,16.0
sub-pl058,82,16.0
sub-pl058,83,15.0
sub-pl058,84,14.0
sub-pl058,85,14.0
sub-pl058,86,21.0
sub-pl058,87,19.0
sub-pl058,88,6.0
sub-pl058,89,5.0
sub-pl058,90,7.0
sub-pl058,91,3.0
sub-pl058,92,16.0
sub-pl058,93,11.0
sub-pl058,94,13.0
sub-pl058,95,16.0
sub-pl058,96,14.0
sub-pl058,97,8.0
sub-pl058,98,12.0
sub-pl058,99,10.0
sub-pl058,100,11.0
sub-pl058,101,10.0
sub-pl058,102,20.0
sub-pl058,103,17.0
sub-pl058,104,15.0
sub-pl058,105,12.0
sub-pl058,106,15.0
sub-pl058,107,15.0
sub-pl058,108,6.0
sub-pl058,109,3.0
sub-pl058,110,6.0
sub-pl058,111,4.0
sub-pl058,112,7.0
sub-pl058,113,7.0
sub-pl058,114,1.0
sub-pl058,115,0.0
sub-pl058,116,0.0
sub-pl058,117,0.0
sub-pl058,118,7.0
sub-pl058,119,8.0
sub-pl058,120,12.0
sub-pl058,121,11.0
sub-pl058,122,11.0
sub-pl058,123,11.0
sub-pl058,124,11.0
sub-pl058,125,16.0
sub-pl058,126,18.0
sub-pl058,127,16.0
sub-pl058,128,19.0
sub-pl058,129,12.0
sub-pl058,130,20.0
sub-pl058,131,17.0
sub-pl058,132,12.0
sub-pl058,133,10.0
sub-pl058,134,21.0
sub-pl058,135,25.0
sub-pl058,136,26.0
sub-pl058,137,24.0
sub-pl058,138,19.0
sub-pl058,139,25.0
sub-pl058,140,25.0
sub-pl058,141,32.0
sub-pl058,142,32.0
sub-pl058,143,20.0
sub-pl058,144,27.0
sub-pl058,145,29.0
sub-pl058,146,14.0
sub-pl058,147,14.0
sub-pl058,148,21.0
sub-pl058,149,18.0
sub-pl058,150,28.0
sub-pl058,151,27.0
sub-pl058,152,11.0
sub-pl058,153,14.0
sub-pl058,154,20.0
sub-pl058,155,22.0
sub-pl058,156,17.0
sub-pl058,157,14.0
sub-pl058,158,16.0
sub-pl058,159,19.0
sub-pl058,160,23.0
sub-pl058,161,16.0
sub-pl058,162,21.0
sub-pl058,163,19.0
sub-pl058,164,14.0
sub-pl058,165,14.0
sub-pl058,166,17.0
sub-pl058,167,16.0
sub-pl058,168,32.0
sub-pl058,169,29.0
sub-pl058,170,19.0
sub-pl058,171,16.0
sub-pl058,172,28.0
sub-pl058,173,21.0
sub-pl058,174,16.0
sub-pl058,175,15.0
sub-pl058,176,31.0
sub-pl058,177,48.0
sub-pl058,178,21.0
sub-pl058,179,9.0
sub-pl058,180,46.0
sub-pl058,181,43.0
sub-pl058,182,17.0
sub-pl058,183,9.0
sub-pl058,184,20.0
sub-pl058,185,16.0
sub-pl058,186,18.0
sub-pl058,187,11.0
sub-pl058,188,10.0
sub-pl058,189,11.0
sub-pl058,190,10.0
sub-pl058,191,10.0
sub-pl058,192,12.0
sub-pl058,193,10.0
sub-pl058,194,13.0
sub-pl058,195,16.0
sub-pl058,196,17.0
sub-pl058,197,17.0
sub-pl058,198,17.0
sub-pl058,199,15.0
sub-pl058,200,20.0
sub-pl058,201,21.0
sub-pl058,202,16.0
sub-pl058,203,14.0
sub-pl058,204,15.0
sub-pl058,205,15.0
sub-pl058,206,14.0
sub-pl058,207,17.0
sub-pl058,208,21.0
sub-pl058,209,20.0
sub-pl058,210,69.0
sub-pl058,211,45.0
sub-pl058,212,65.0
sub-pl058,213,14.0
sub-pl058,214,75.0
sub-pl058,215,14.0
sub-pl058,216,11.0
sub-pl058,217,7.0
sub-pl058,218,62.0
sub-pl058,219,41.0
sub-pl058,220,66.0
sub-pl058,221,11.0
sub-pl058,222,14.0
sub-pl058,223,4.0
sub-pl058,224,5.0
sub-pl059,0,24.0
sub-pl059,1,32.0
sub-pl059,2,29.0
sub-pl059,3,20.0
sub-pl059,4,30.0
sub-pl059,5,29.0
sub-pl059,6,25.0
sub-pl059,7,21.0
sub-pl059,8,30.0
sub-pl059,9,26.0
sub-pl059,10,26.0
sub-pl059,11,30.0
sub-pl059,12,27.0
sub-pl059,13,27.0
sub-pl059,14,30.0
sub-pl059,15,27.0
sub-pl059,16,28.0
sub-pl059,17,19.0
sub-pl059,18,25.0
sub-pl059,19,26.0
sub-pl059,20,31.0
sub-pl059,21,29.0
sub-pl059,22,28.0
sub-pl059,23,26.0
sub-pl059,24,26.0
sub-pl059,25,28.0
sub-pl059,26,23.0
sub-pl059,27,25.0
sub-pl059,28,12.0
sub-pl059,29,16.0
sub-pl059,30,16.0
sub-pl059,31,12.0
sub-pl059,32,11.0
sub-pl059,33,15.0
sub-pl059,34,16.0
sub-pl059,35,17.0
sub-pl059,36,29.0
sub-pl059,37,29.0
sub-pl059,38,12.0
sub-pl059,39,10.0
sub-pl059,40,19.0
sub-pl059,41,16.0
sub-pl059,42,18.0
sub-pl059,43,17.0
sub-pl059,44,24.0
sub-pl059,45,23.0
sub-pl059,46,18.0
sub-pl059,47,19.0
sub-pl059,48,25.0
sub-pl059,49,14.0
sub-pl059,50,19.0
sub-pl059,51,17.0
sub-pl059,52,28.0
sub-pl059,53,20.0
sub-pl059,54,27.0
sub-pl059,55,32.0
sub-pl059,56,22.0
sub-pl059,57,25.0
sub-pl059,58,23.0
sub-pl059,59,20.0
sub-pl059,60,16.0
sub-pl059,61,19.0
sub-pl059,62,23.0
sub-pl059,63,22.0
sub-pl059,64,14.0
sub-pl059,65,16.0
sub-pl059,66,16.0
sub-pl059,67,17.0
sub-pl059,68,13.0
sub-pl059,69,11.0
sub-pl059,70,15.0
sub-pl059,71,9.0
sub-pl059,72,15.0
sub-pl059,73,14.0
sub-pl059,74,16.0
sub-pl059,75,13.0
sub-pl059,76,11.0
sub-pl059,77,15.0
sub-pl059,78,16.0
sub-pl059,79,9.0
sub-pl059,80,14.0
sub-pl059,81,16.0
sub-pl059,82,17.0
sub-pl059,83,16.0
sub-pl059,84,14.0
sub-pl059,85,14.0
sub-pl059,86,20.0
sub-pl059,87,20.0
sub-pl059,88,6.0
sub-pl059,89,5.0
sub-pl059,90,7.0
sub-pl059,91,4.0
sub-pl059,92,16.0
sub-pl059,93,12.0
sub-pl059,94,13.0
sub-pl059,95,15.0
sub-pl059,96,14.0
sub-pl059,97,8.0
sub-pl059,98,13.0
sub-pl059,99,10.0
sub-pl059,100,11.0
sub-pl059,101,12.0
sub-pl059,102,20.0
sub-pl059,103,17.0
sub-pl059,104,15.0
sub-pl059,105,12.0
sub-pl059,106,14.0
sub-pl059,107,15.0
sub-pl059,108,6.0
sub-pl059,109,3.0
sub-pl059,110,6.0
sub-pl059,111,4.0
sub-pl059,112,6.0
sub-pl059,113,6.0
sub-pl059,114,2.0
sub-pl059,115,0.0
sub-pl059,116,0.0
sub-pl059,117,0.0
sub-pl059,118,7.0
sub-pl059,119,8.0
sub-pl059,120,12.0
sub-pl059,121,11.0
sub-pl059,122,11.0
sub-pl059,123,11.0
sub-pl059,124,11.0
sub-pl059,125,16.0
sub-pl059,126,18.0
sub-pl059,127,17.0
sub-pl059,128,19.0
sub-pl059,129,12.0
sub-pl059,130,20.0
sub-pl059,131,19.0
sub-pl059,132,12.0
sub-pl059,133,11.0
sub-pl059,134,20.0
sub-pl059,135,25.0
sub-pl059,136,26.0
sub-pl059,137,24.0
sub-pl059,138,19.0
sub-pl059,139,24.0
sub-pl059,140,25.0
sub-pl059,141,31.0
sub-pl059,142,32.0
sub-pl059,143,22.0
sub-pl059,144,26.0
sub-pl059,145,29.0
sub-pl059,146,13.0
sub-pl059,147,14.0
sub-pl059,148,20.0
sub-pl059,149,19.0
sub-pl059,150,28.0
sub-pl059,151,28.0
sub-pl059,152,11.0
sub-pl059,153,15.0
sub-pl059,154,20.0
sub-pl059,155,22.0
sub-pl059,156,16.0
sub-pl059,157,14.0
sub-pl059,158,15.0
sub-pl059,159,19.0
sub-pl059,160,24.0
sub-pl059,161,16.0
sub-pl059,162,21.0
sub-pl059,163,19.0
sub-pl059,164,14.0
sub-pl059,165,14.0
sub-pl059,166,16.0
sub-pl059,167,16.0
sub-pl059,168,32.0
sub-pl059,169,27.0
sub-pl059,170,19.0
sub-pl059,171,17.0
sub-pl059,172,28.0
sub-pl059,173,22.0
sub-pl059,174,16.0
sub-pl059,175,15.0
sub-pl059,176,31.0
sub-pl059,177,48.0
sub-pl059,178,21.0
sub-pl059,179,9.0
sub-pl059,180,45.0
sub-pl059,181,42.0
sub-pl059,182,17.0
sub-pl059,183,9.0
sub-pl059,184,20.0
sub-pl059,185,16.0
sub-pl059,186,19.0
sub-pl059,187,11.0
sub-pl059,188,10.0
sub-pl059,189,11.0
sub-pl059,190,10.0
sub-pl059,191,10.0
sub-pl059,192,12.0
sub-pl059,193,10.0
sub-pl059,194,13.0
sub-pl059,195,15.0
sub-pl059,196,17.0
sub-pl059,197,17.0
sub-pl059,198,17.0
sub-pl059,199,15.0
sub-pl059,200,20.0
sub-pl059,201,21.0
sub-pl059,202,17.0
sub-pl059,203,14.0
sub-pl059,204,14.0
sub-pl059,205,15.0
sub-pl059,206,14.0
sub-pl059,207,17.0
sub-pl059,208,21.0
sub-pl059,209,20.0
sub-pl059,210,68.0
sub-pl059,211,45.0
sub-pl059,212,65.0
sub-pl059,213,14.0
sub-pl059,214,76.0
sub-pl059,215,15.0
sub-pl059,216,11.0
sub-pl059,217,7.0
sub-pl059,218,62.0
sub-pl059,219,38.0
sub-pl059,220,66.0
sub-pl059,221,11.0
sub-pl059,222,14.0
sub-pl059,223,4.0
sub-pl059,224,5.0
sub-pl060,0,24.0
sub-pl060,1,32.0
sub-pl060,2,29.0
sub-pl060,3,20.0
sub-pl060,4,31.0
sub-pl060,5,29.0
sub-pl060,6,24.0
sub-pl060,7,21.0
sub-pl060,8,32.0
sub-pl060,9,26.0
sub-pl060,10,26.0
sub-pl060,11,30.0
sub-pl060,12,28.0
sub-pl060,13,27.0
sub-pl060,14,31.0
sub-pl060,15,27.0
sub-pl060,16,29.0
sub-pl060,17,20.0
sub-pl060,18,25.0
sub-pl060,19,26.0
sub-pl060,20,30.0
sub-pl060,21,29.0
sub-pl060,22,27.0
sub-pl060,23,26.0
sub-pl060,24,26.0
sub-pl060,25,28.0
sub-pl060,26,23.0
sub-pl060,27,25.0
sub-pl060,28,13.0
sub-pl060,29,16.0
sub-pl060,30,16.0
sub-pl060,31,12.0
sub-pl060,32,12.0
sub-pl060,33,15.0
sub-pl060,34,17.0
sub-pl060,35,17.0
sub-pl060,36,29.0
sub-pl060,37,29.0
sub-pl060,38,11.0
sub-pl060,39,11.0
sub-pl060,40,20.0
sub-pl060,41,17.0
sub-pl060,42,17.0
sub-pl060,43,17.0
sub-pl060,44,24.0
sub-pl060,45,23.0
sub-pl060,46,18.0
sub-pl060,47,19.0
sub-pl060,48,25.0
sub-pl060,49,15.0
sub-pl060,50,19.0
sub-pl060,51,18.0
sub-pl060,52,28.0
sub-pl060,53,20.0
sub-pl060,54,27.0
sub-pl060,55,33.0
sub-pl060,56,22.0
sub-pl060,57,25.0
sub-pl060,58,23.0
sub-pl060,59,20.0
sub-pl060,60,16.0
sub-pl060,61,20.0
sub-pl060,62,23.0
sub-pl060,63,23.0
sub-pl060,64,13.0
sub-pl060,65,16.0
sub-pl060,66,15.0
sub-pl060,67,16.0
sub-pl060,68,13.0
sub-pl060,69,11.0
sub-pl060,70,15.0
sub-pl060,71,9.0
sub-pl060,72,15.0
sub-pl060,73,14.0
sub-pl060,74,15.0
sub-pl060,75,13.0
sub-pl060,76,11.0
sub-pl060,77,15.0
sub-pl060,78,16.0
sub-pl060,79,9.0
sub-pl060,80,14.0
sub-pl060,81,16.0
sub-pl060,82,17.0
sub-pl060,83,16.0
sub-pl060,84,13.0
sub-pl060,85,13.0
sub-pl060,86,21.0
sub-pl060,87,20.0
sub-pl060,88,6.0
sub-pl060,89,5.0
sub-pl060,90,7.0
sub-pl060,91,4.0
sub-pl060,92,17.0
sub-pl060,93,12.0
sub-pl060,94,13.0
sub-pl060,95,16.0
sub-pl060,96,14.0
sub-pl060,97,8.0
sub-pl060,98,13.0
sub-pl060,99,10.0
sub-pl060,100,11.0
sub-pl060,101,12.0
sub-pl060,102,20.0
sub-pl060,103,17.0
sub-pl060,104,15.0
sub-pl060,105,12.0
sub-pl060,106,15.0
sub-pl060,107,15.0
sub-pl060,108,6.0
sub-pl060,109,3.0
sub-pl060,110,6.0
sub-pl060,111,4.0
sub-pl060,112,7.0
sub-pl060,113,7.0
sub-pl060,114,2.0
sub-pl060,115,0.0
sub-pl060,116,0.0
sub-pl060,117,0.0
sub-pl060,118,7.0
sub-pl060,119,8.0
sub-pl060,120,12.0
sub-pl060,121,11.0
sub-pl060,122,11.0
sub-pl060,123,11.0
sub-pl060,124,11.0
sub-pl060,125,16.0
sub-pl060,126,17.0
sub-pl060,127,17.0
sub-pl060,128,19.0
sub-pl060,129,12.0
sub-pl060,130,19.0
sub-pl060,131,19.0
sub-pl060,132,12.0
sub-pl060,133,11.0
sub-pl060,134,20.0
sub-pl060,135,27.0
sub-pl060,136,26.0
sub-pl060,137,24.0
sub-pl060,138,19.0
sub-pl060,139,25.0
sub-pl060,140,25.0
sub-pl060,141,31.0
sub-pl060,142,30.0
sub-pl060,143,22.0
sub-pl060,144,25.0
sub-pl060,145,29.0
sub-pl060,146,14.0
sub-pl060,147,14.0
sub-pl060,148,21.0
sub-pl060,149,19.0
sub-pl060,150,28.0
sub-pl060,151,27.0
sub-pl060,152,11.0
sub-pl060,153,13.0
sub-pl060,154,20.0
sub-pl060,155,22.0
sub-pl060,156,16.0
sub-pl060,157,14.0
sub-pl060,158,15.0
sub-pl060,159,19.0
sub-pl060,160,24.0
sub-pl060,161,16.0
sub-pl060,162,20.0
sub-pl060,163,19.0
sub-pl060,164,15.0
sub-pl060,165,14.0
sub-pl060,166,17.0
sub-pl060,167,16.0
sub-pl060,168,32.0
sub-pl060,169,28.0
sub-pl060,170,19.0
sub-pl060,171,17.0
sub-pl060,172,28.0
sub-pl060,173,21.0
sub-pl060,174,16.0
sub-pl060,175,15.0
sub-pl060,176,31.0
sub-pl060,177,47.0
sub-pl060,178,21.0
sub-pl060,179,9.0
sub-pl060,180,46.0
sub-pl060,181,43.0
sub-pl060,182,17.0
sub-pl060,183,9.0
sub-pl060,184,19.0
sub-pl060,185,16.0
sub-pl060,186,19.0
sub-pl060,187,11.0
sub-pl060,188,9.0
sub-pl060,189,11.0
sub-pl060,190,10.0
sub-pl060,191,10.0
sub-pl060,192,12.0
sub-pl060,193,8.0
sub-pl060,194,13.0
sub-pl060,195,16.0
sub-pl060,196,17.0
sub-pl060,197,17.0
sub-pl060,198,17.0
sub-pl060,199,15.0
sub-pl060,200,20.0
sub-pl060,201,21.0
sub-pl060,202,17.0
sub-pl060,203,14.0
sub-pl060,204,15.0
sub-pl060,205,15.0
sub-pl060,206,14.0
sub-pl060,207,17.0
sub-pl060,208,21.0
sub-pl060,209,19.0
sub-pl060,210,70.0
sub-pl060,211,45.0
sub-pl060,212,64.0
sub-pl060,213,14.0
sub-pl060,214,75.0
sub-pl060,215,15.0
sub-pl060,216,11.0
sub-pl060,217,7.0
sub-pl060,218,61.0
sub-pl060,219,41.0
sub-pl060,220,67.0
sub-pl060,221,11.0
sub-pl060,222,14.0
sub-pl060,223,4.0
sub-pl060,224,5.0
sub-pl061,0,23.0
sub-pl061,1,30.0
sub-pl061,2,28.0
sub-pl061,3,20.0
sub-pl061,4,31.0
sub-pl061,5,29.0
sub-pl061,6,25.0
sub-pl061,7,21.0
sub-pl061,8,32.0
sub-pl061,9,26.0
sub-pl061,10,26.0
sub-pl061,11,29.0
sub-pl061,12,28.0
sub-pl061,13,27.0
sub-pl061,14,30.0
sub-pl061,15,27.0
sub-pl061,16,29.0
sub-pl061,17,19.0
sub-pl061,18,25.0
sub-pl061,19,26.0
sub-pl061,20,31.0
sub-pl061,21,29.0
sub-pl061,22,28.0
sub-pl061,23,26.0
sub-pl061,24,25.0
sub-pl061,25,28.0
sub-pl061,26,23.0
sub-pl061,27,25.0
sub-pl061,28,13.0
sub-pl061,29,15.0
sub-pl061,30,16.0
sub-pl061,31,11.0
sub-pl061,32,12.0
sub-pl061,33,16.0
sub-pl061,34,17.0
sub-pl061,35,17.0
sub-pl061,36,28.0
sub-pl061,37,28.0
sub-pl061,38,12.0
sub-pl061,39,11.0
sub-pl061,40,20.0
sub-pl061,41,17.0
sub-pl061,42,18.0
sub-pl061,43,17.0
sub-pl061,44,23.0
sub-pl061,45,23.0
sub-pl061,46,18.0
sub-pl061,47,19.0
sub-pl061,48,25.0
sub-pl061,49,15.0
sub-pl061,50,19.0
sub-pl061,51,17.0
sub-pl061,52,28.0
sub-pl061,53,19.0
sub-pl061,54,27.0
sub-pl061,55,29.0
sub-pl061,56,22.0
sub-pl061,57,25.0
sub-pl061,58,22.0
sub-pl061,59,20.0
sub-pl061,60,16.0
sub-pl061,61,20.0
sub-pl061,62,23.0
sub-pl061,63,23.0
sub-pl061,64,14.0
sub-pl061,65,15.0
sub-pl061,66,16.0
sub-pl061,67,17.0
sub-pl061,68,13.0
sub-pl061,69,11.0
sub-pl061,70,15.0
sub-pl061,71,9.0
sub-pl061,72,15.0
sub-pl061,73,13.0
sub-pl061,74,16.0
sub-pl061,75,13.0
sub-pl061,76,11.0
sub-pl061,77,15.0
sub-pl061,78,15.0
sub-pl061,79,9.0
sub-pl061,80,14.0
sub-pl061,81,15.0
sub-pl061,82,17.0
sub-pl061,83,16.0
sub-pl061,84,14.0
sub-pl061,85,13.0
sub-pl061,86,21.0
sub-pl061,87,20.0
sub-pl061,88,6.0
sub-pl061,89,5.0
sub-pl061,90,7.0
sub-pl061,91,4.0
sub-pl061,92,17.0
sub-pl061,93,12.0
sub-pl061,94,13.0
sub-pl061,95,16.0
sub-pl061,96,14.0
sub-pl061,97,7.0
sub-pl061,98,13.0
sub-pl061,99,10.0
sub-pl061,100,11.0
sub-pl061,101,12.0
sub-pl061,102,20.0
sub-pl061,103,17.0
sub-pl061,104,15.0
sub-pl061,105,12.0
sub-pl061,106,15.0
sub-pl061,107,15.0
sub-pl061,108,6.0
sub-pl061,109,3.0
sub-pl061,110,6.0
sub-pl061,111,4.0
sub-pl061,112,7.0
sub-pl061,113,7.0
sub-pl061,114,2.0
sub-pl061,115,0.0
sub-pl061,116,0.0
sub-pl061,117,0.0
sub-pl061,118,7.0
sub-pl061,119,8.0
sub-pl061,120,12.0
sub-pl061,121,10.0
sub-pl061,122,11.0
sub-pl061,123,11.0
sub-pl061,124,11.0
sub-pl061,125,16.0
sub-pl061,126,18.0
sub-pl061,127,17.0
sub-pl061,128,19.0
sub-pl061,129,12.0
sub-pl061,130,20.0
sub-pl061,131,16.0
sub-pl061,132,12.0
sub-pl061,133,10.0
sub-pl061,134,21.0
sub-pl061,135,25.0
sub-pl061,136,26.0
sub-pl061,137,20.0
sub-pl061,138,17.0
sub-pl061,139,25.0
sub-pl061,140,25.0
sub-pl061,141,32.0
sub-pl061,142,32.0
sub-pl061,143,21.0
sub-pl061,144,27.0
sub-pl061,145,29.0
sub-pl061,146,14.0
sub-pl061,147,14.0
sub-pl061,148,20.0
sub-pl061,149,19.0
sub-pl061,150,28.0
sub-pl061,151,28.0
sub-pl061,152,11.0
sub-pl061,153,15.0
sub-pl061,154,20.0
sub-pl061,155,22.0
sub-pl061,156,17.0
sub-pl061,157,14.0
sub-pl061,158,16.0
sub-pl061,159,18.0
sub-pl061,160,24.0
sub-pl061,161,16.0
sub-pl061,162,21.0
sub-pl061,163,19.0
sub-pl061,164,15.0
sub-pl061,165,14.0
sub-pl061,166,17.0
sub-pl061,167,16.0
sub-pl061,168,32.0
sub-pl061,169,29.0
sub-pl061,170,19.0
sub-pl061,171,17.0
sub-pl061,172,28.0
sub-pl061,173,21.0
sub-pl061,174,16.0
sub-pl061,175,15.0
sub-pl061,176,31.0
sub-pl061,177,48.0
sub-pl061,178,21.0
sub-pl061,179,9.0
sub-pl061,180,42.0
sub-pl061,181,43.0
sub-pl061,182,17.0
sub-pl061,183,9.0
sub-pl061,184,19.0
sub-pl061,185,16.0
sub-pl061,186,19.0
sub-pl061,187,11.0
sub-pl061,188,10.0
sub-pl061,189,11.0
sub-pl061,190,10.0
sub-pl061,191,10.0
sub-pl061,192,12.0
sub-pl061,193,10.0
sub-pl061,194,13.0
sub-pl061,195,16.0
sub-pl061,196,17.0
sub-pl061,197,17.0
sub-pl061,198,17.0
sub-pl061,199,15.0
sub-pl061,200,20.0
sub-pl061,201,20.0
sub-pl061,202,17.0
sub-pl061,203,14.0
sub-pl061,204,15.0
sub-pl061,205,15.0
sub-pl061,206,14.0
sub-pl061,207,17.0
sub-pl061,208,21.0
sub-pl061,209,20.0
sub-pl061,210,70.0
sub-pl061,211,45.0
sub-pl061,212,64.0
sub-pl061,213,14.0
sub-pl061,214,75.0
sub-pl061,215,15.0
sub-pl061,216,11.0
sub-pl061,217,7.0
sub-pl061,218,62.0
sub-pl061,219,40.0
sub-pl061,220,66.0
sub-pl061,221,11.0
sub-pl061,222,14.0
sub-pl061,223,4.0
sub-pl061,224,5.0
sub-pl062,0,24.0
sub-pl062,1,32.0
sub-pl062,2,28.0
sub-pl062,3,20.0
sub-pl062,4,31.0
sub-pl062,5,29.0
sub-pl062,6,25.0
sub-pl062,7,21.0
sub-pl062,8,31.0
sub-pl062,9,26.0
sub-pl062,10,26.0
sub-pl062,11,30.0
sub-pl062,12,28.0
sub-pl062,13,27.0
sub-pl062,14,31.0
sub-pl062,15,27.0
sub-pl062,16,27.0
sub-pl062,17,20.0
sub-pl062,18,25.0
sub-pl062,19,26.0
sub-pl062,20,31.0
sub-pl062,21,29.0
sub-pl062,22,28.0
sub-pl062,23,25.0
sub-pl062,24,26.0
sub-pl062,25,28.0
sub-pl062,26,23.0
sub-pl062,27,25.0
sub-pl062,28,13.0
sub-pl062,29,16.0
sub-pl062,30,16.0
sub-pl062,31,12.0
sub-pl062,32,12.0
sub-pl062,33,16.0
sub-pl062,34,17.0
sub-pl062,35,17.0
sub-pl062,36,29.0
sub-pl062,37,29.0
sub-pl062,38,12.0
sub-pl062,39,11.0
sub-pl062,40,20.0
sub-pl062,41,17.0
sub-pl062,42,18.0
sub-pl062,43,17.0
sub-pl062,44,24.0
sub-pl062,45,23.0
sub-pl062,46,18.0
sub-pl062,47,19.0
sub-pl062,48,25.0
sub-pl062,49,15.0
sub-pl062,50,19.0
sub-pl062,51,18.0
sub-pl062,52,28.0
sub-pl062,53,20.0
sub-pl062,54,27.0
sub-pl062,55,31.0
sub-pl062,56,22.0
sub-pl062,57,23.0
sub-pl062,58,22.0
sub-pl062,59,20.0
sub-pl062,60,16.0
sub-pl062,61,20.0
sub-pl062,62,23.0
sub-pl062,63,23.0
sub-pl062,64,14.0
sub-pl062,65,16.0
sub-pl062,66,16.0
sub-pl062,67,17.0
sub-pl062,68,13.0
sub-pl062,69,11.0
sub-pl062,70,15.0
sub-pl062,71,9.0
sub-pl062,72,15.0
sub-pl062,73,14.0
sub-pl062,74,16.0
sub-pl062,75,13.0
sub-pl062,76,11.0
sub-pl062,77,15.0
sub-pl062,78,15.0
sub-pl062,79,9.0
sub-pl062,80,14.0
sub-pl062,81,16.0
sub-pl062,82,17.0
sub-pl062,83,15.0
sub-pl062,84,14.0
sub-pl062,85,13.0
sub-pl062,86,21.0
sub-pl062,87,20.0
sub-pl062,88,6.0
sub-pl062,89,5.0
sub-pl062,90,7.0
sub-pl062,91,4.0
sub-pl062,92,17.0
sub-pl062,93,12.0
sub-pl062,94,13.0
sub-pl062,95,16.0
sub-pl062,96,14.0
sub-pl062,97,8.0
sub-pl062,98,13.0
sub-pl062,99,9.0
sub-pl062,100,11.0
sub-pl062,101,12.0
sub-pl062,102,20.0
sub-pl062,103,17.0
sub-pl062,104,15.0
sub-pl062,105,12.0
sub-pl062,106,15.0
sub-pl062,107,15.0
sub-pl062,108,6.0
sub-pl062,109,3.0
sub-pl062,110,6.0
sub-pl062,111,4.0
sub-pl062,112,7.0
sub-pl062,113,7.0
sub-pl062,114,2.0
sub-pl062,115,0.0
sub-pl062,116,0.0
sub-pl062,117,0.0
sub-pl062,118,7.0
sub-pl062,119,8.0
sub-pl062,120,12.0
sub-pl062,121,11.0
sub-pl062,122,10.0
sub-pl062,123,11.0
sub-pl062,124,11.0
sub-pl062,125,16.0
sub-pl062,126,18.0
sub-pl062,127,17.0
sub-pl062,128,19.0
sub-pl062,129,11.0
sub-pl062,130,20.0
sub-pl062,131,19.0
sub-pl062,132,12.0
sub-pl062,133,10.0
sub-pl062,134,21.0
sub-pl062,135,27.0
sub-pl062,136,26.0
sub-pl062,137,22.0
sub-pl062,138,18.0
sub-pl062,139,25.0
sub-pl062,140,25.0
sub-pl062,141,32.0
sub-pl062,142,32.0
sub-pl062,143,22.0
sub-pl062,144,27.0
sub-pl062,145,29.0
sub-pl062,146,14.0
sub-pl062,147,14.0
sub-pl062,148,21.0
sub-pl062,149,19.0
sub-pl062,150,28.0
sub-pl062,151,28.0
sub-pl062,152,11.0
sub-pl062,153,15.0
sub-pl062,154,20.0
sub-pl062,155,22.0
sub-pl062,156,16.0
sub-pl062,157,14.0
sub-pl062,158,15.0
sub-pl062,159,19.0
sub-pl062,160,24.0
sub-pl062,161,16.0
sub-pl062,162,21.0
sub-pl062,163,19.0
sub-pl062,164,15.0
sub-pl062,165,14.0
sub-pl062,166,17.0
sub-pl062,167,16.0
sub-pl062,168,33.0
sub-pl062,169,29.0
sub-pl062,170,18.0
sub-pl062,171,17.0
sub-pl062,172,28.0
sub-pl062,173,22.0
sub-pl062,174,16.0
sub-pl062,175,14.0
sub-pl062,176,31.0
sub-pl062,177,48.0
sub-pl062,178,21.0
sub-pl062,179,8.0
sub-pl062,180,46.0
sub-pl062,181,43.0
sub-pl062,182,17.0
sub-pl062,183,9.0
sub-pl062,184,20.0
sub-pl062,185,16.0
sub-pl062,186,19.0
sub-pl062,187,11.0
sub-pl062,188,10.0
sub-pl062,189,11.0
sub-pl062,190,10.0
sub-pl062,191,10.0
sub-pl062,192,12.0
sub-pl062,193,10.0
sub-pl062,194,13.0
sub-pl062,195,16.0
sub-pl062,196,17.0
sub-pl062,197,17.0
sub-pl062,198,17.0
sub-pl062,199,15.0
sub-pl062,200,20.0
sub-pl062,201,21.0
sub-pl062,202,17.0
sub-pl062,203,14.0
sub-pl062,204,15.0
sub-pl062,205,15.0
sub-pl062,206,14.0
sub-pl062,207,17.0
sub-pl062,208,20.0
sub-pl062,209,20.0
sub-pl062,210,70.0
sub-pl062,211,45.0
sub-pl062,212,65.0
sub-pl062,213,14.0
sub-pl062,214,75.0
sub-pl062,215,15.0
sub-pl062,216,11.0
sub-pl062,217,7.0
sub-pl062,218,61.0
sub-pl062,219,41.0
sub-pl062,220,66.0
sub-pl062,221,11.0
sub-pl062,222,13.0
sub-pl062,223,4.0
sub-pl062,224,5.0
sub-pl065,0,23.0
sub-pl065,1,31.0
sub-pl065,2,29.0
sub-pl065,3,20.0
sub-pl065,4,31.0
sub-pl065,5,29.0
sub-pl065,6,25.0
sub-pl065,7,21.0
sub-pl065,8,31.0
sub-pl065,9,26.0
sub-pl065,10,26.0
sub-pl065,11,29.0
sub-pl065,12,27.0
sub-pl065,13,27.0
sub-pl065,14,31.0
sub-pl065,15,27.0
sub-pl065,16,29.0
sub-pl065,17,20.0
sub-pl065,18,25.0
sub-pl065,19,26.0
sub-pl065,20,31.0
sub-pl065,21,28.0
sub-pl065,22,28.0
sub-pl065,23,26.0
sub-pl065,24,26.0
sub-pl065,25,27.0
sub-pl065,26,23.0
sub-pl065,27,25.0
sub-pl065,28,11.0
sub-pl065,29,16.0
sub-pl065,30,15.0
sub-pl065,31,12.0
sub-pl065,32,12.0
sub-pl065,33,15.0
sub-pl065,34,17.0
sub-pl065,35,17.0
sub-pl065,36,26.0
sub-pl065,37,28.0
sub-pl065,38,11.0
sub-pl065,39,11.0
sub-pl065,40,20.0
sub-pl065,41,16.0
sub-pl065,42,18.0
sub-pl065,43,17.0
sub-pl065,44,24.0
sub-pl065,45,23.0
sub-pl065,46,18.0
sub-pl065,47,19.0
sub-pl065,48,25.0
sub-pl065,49,14.0
sub-pl065,50,19.0
sub-pl065,51,18.0
sub-pl065,52,28.0
sub-pl065,53,20.0
sub-pl065,54,27.0
sub-pl065,55,32.0
sub-pl065,56,22.0
sub-pl065,57,25.0
sub-pl065,58,23.0
sub-pl065,59,20.0
sub-pl065,60,15.0
sub-pl065,61,20.0
sub-pl065,62,23.0
sub-pl065,63,23.0
sub-pl065,64,14.0
sub-pl065,65,16.0
sub-pl065,66,16.0
sub-pl065,67,17.0
sub-pl065,68,13.0
sub-pl065,69,11.0
sub-pl065,70,15.0
sub-pl065,71,8.0
sub-pl065,72,15.0
sub-pl065,73,13.0
sub-pl065,74,15.0
sub-pl065,75,13.0
sub-pl065,76,11.0
sub-pl065,77,15.0
sub-pl065,78,16.0
sub-pl065,79,9.0
sub-pl065,80,14.0
sub-pl065,81,15.0
sub-pl065,82,17.0
sub-pl065,83,16.0
sub-pl065,84,14.0
sub-pl065,85,14.0
sub-pl065,86,21.0
sub-pl065,87,20.0
sub-pl065,88,6.0
sub-pl065,89,5.0
sub-pl065,90,6.0
sub-pl065,91,4.0
sub-pl065,92,17.0
sub-pl065,93,12.0
sub-pl065,94,12.0
sub-pl065,95,16.0
sub-pl065,96,13.0
sub-pl065,97,8.0
sub-pl065,98,13.0
sub-pl065,99,10.0
sub-pl065,100,11.0
sub-pl065,101,12.0
sub-pl065,102,20.0
sub-pl065,103,17.0
sub-pl065,104,15.0
sub-pl065,105,12.0
sub-pl065,106,15.0
sub-pl065,107,15.0
sub-pl065,108,6.0
sub-pl065,109,3.0
sub-pl065,110,6.0
sub-pl065,111,4.0
sub-pl065,112,7.0
sub-pl065,113,7.0
sub-pl065,114,2.0
sub-pl065,115,0.0
sub-pl065,116,0.0
sub-pl065,117,0.0
sub-pl065,118,7.0
sub-pl065,119,8.0
sub-pl065,120,12.0
sub-pl065,121,10.0
sub-pl065,122,11.0
sub-pl065,123,9.0
sub-pl065,124,11.0
sub-pl065,125,16.0
sub-pl065,126,18.0
sub-pl065,127,16.0
sub-pl065,128,19.0
sub-pl065,129,11.0
sub-pl065,130,20.0
sub-pl065,131,19.0
sub-pl065,132,12.0
sub-pl065,133,11.0
sub-pl065,134,21.0
sub-pl065,135,26.0
sub-pl065,136,26.0
sub-pl065,137,24.0
sub-pl065,138,19.0
sub-pl065,139,23.0
sub-pl065,140,23.0
sub-pl065,141,30.0
sub-pl065,142,31.0
sub-pl065,143,22.0
sub-pl065,144,26.0
sub-pl065,145,28.0
sub-pl065,146,14.0
sub-pl065,147,14.0
sub-pl065,148,21.0
sub-pl065,149,19.0
sub-pl065,150,27.0
sub-pl065,151,28.0
sub-pl065,152,11.0
sub-pl065,153,14.0
sub-pl065,154,20.0
sub-pl065,155,22.0
sub-pl065,156,15.0
sub-pl065,157,14.0
sub-pl065,158,16.0
sub-pl065,159,19.0
sub-pl065,160,24.0
sub-pl065,161,15.0
sub-pl065,162,21.0
sub-pl065,163,19.0
sub-pl065,164,15.0
sub-pl065,165,13.0
sub-pl065,166,17.0
sub-pl065,167,15.0
sub-pl065,168,32.0
sub-pl065,169,29.0
sub-pl065,170,19.0
sub-pl065,171,17.0
sub-pl065,172,28.0
sub-pl065,173,20.0
sub-pl065,174,16.0
sub-pl065,175,14.0
sub-pl065,176,31.0
sub-pl065,177,46.0
sub-pl065,178,20.0
sub-pl065,179,8.0
sub-pl065,180,45.0
sub-pl065,181,41.0
sub-pl065,182,17.0
sub-pl065,183,9.0
sub-pl065,184,19.0
sub-pl065,185,16.0
sub-pl065,186,19.0
sub-pl065,187,10.0
sub-pl065,188,10.0
sub-pl065,189,10.0
sub-pl065,190,10.0
sub-pl065,191,10.0
sub-pl065,192,12.0
sub-pl065,193,10.0
sub-pl065,194,13.0
sub-pl065,195,16.0
sub-pl065,196,17.0
sub-pl065,197,17.0
sub-pl065,198,17.0
sub-pl065,199,14.0
sub-pl065,200,20.0
sub-pl065,201,21.0
sub-pl065,202,17.0
sub-pl065,203,14.0
sub-pl065,204,15.0
sub-pl065,205,15.0
sub-pl065,206,14.0
sub-pl065,207,17.0
sub-pl065,208,21.0
sub-pl065,209,20.0
sub-pl065,210,68.0
sub-pl065,211,45.0
sub-pl065,212,65.0
sub-pl065,213,14.0
sub-pl065,214,76.0
sub-pl065,215,15.0
sub-pl065,216,11.0
sub-pl065,217,7.0
sub-pl065,218,62.0
sub-pl065,219,41.0
sub-pl065,220,67.0
sub-pl065,221,11.0
sub-pl065,222,14.0
sub-pl065,223,4.0
sub-pl065,224,5.0
